,Team,Game,Date,Home,Opponent,WINorLOSS
0,ATL,1,2014-10-29,Away,TOR,L
1,ATL,2,2014-11-01,Home,IND,W
2,ATL,3,2014-11-05,Away,SAS,L
3,ATL,4,2014-11-07,Away,CHO,L
4,ATL,5,2014-11-08,Home,NYK,W
5,ATL,6,2014-11-10,Away,NYK,W
6,ATL,7,2014-11-12,Home,UTA,W
7,ATL,8,2014-11-14,Home,MIA,W
8,ATL,9,2014-11-15,Away,CLE,L
9,ATL,10,2014-11-18,Home,LAL,L
10,ATL,11,2014-11-21,Home,DET,W
11,ATL,12,2014-11-25,Away,WAS,W
12,ATL,13,2014-11-26,Home,TOR,L
13,ATL,14,2014-11-28,Home,NOP,W
14,ATL,15,2014-11-29,Home,CHO,W
15,ATL,16,2014-12-02,Home,BOS,W
16,ATL,17,2014-12-03,Away,MIA,W
17,ATL,18,2014-12-05,Away,BRK,W
18,ATL,19,2014-12-07,Home,DEN,W
19,ATL,20,2014-12-08,Away,IND,W
20,ATL,21,2014-12-10,Home,PHI,W
21,ATL,22,2014-12-12,Home,ORL,W
22,ATL,23,2014-12-13,Away,ORL,L
23,ATL,24,2014-12-15,Home,CHI,W
24,ATL,25,2014-12-17,Away,CLE,W
25,ATL,26,2014-12-20,Away,HOU,W
26,ATL,27,2014-12-22,Away,DAL,W
27,ATL,28,2014-12-23,Home,LAC,W
28,ATL,29,2014-12-26,Home,MIL,L
29,ATL,30,2014-12-27,Away,MIL,W
30,ATL,31,2014-12-30,Home,CLE,W
31,ATL,32,2015-01-02,Away,UTA,W
32,ATL,33,2015-01-03,Away,POR,W
33,ATL,34,2015-01-05,Away,LAC,W
34,ATL,35,2015-01-07,Home,MEM,W
35,ATL,36,2015-01-09,Away,DET,W
36,ATL,37,2015-01-11,Home,WAS,W
37,ATL,38,2015-01-13,Away,PHI,W
38,ATL,39,2015-01-14,Away,BOS,W
39,ATL,40,2015-01-16,Away,TOR,W
40,ATL,41,2015-01-17,Away,CHI,W
41,ATL,42,2015-01-19,Home,DET,W
42,ATL,43,2015-01-21,Home,IND,W
43,ATL,44,2015-01-23,Home,OKC,W
44,ATL,45,2015-01-25,Home,MIN,W
45,ATL,46,2015-01-28,Home,BRK,W
46,ATL,47,2015-01-30,Home,POR,W
47,ATL,48,2015-01-31,Home,PHI,W
48,ATL,49,2015-02-02,Away,NOP,L
49,ATL,50,2015-02-04,Home,WAS,W
50,ATL,51,2015-02-06,Home,GSW,W
51,ATL,52,2015-02-08,Away,MEM,L
52,ATL,53,2015-02-09,Away,MIN,W
53,ATL,54,2015-02-11,Away,BOS,L
54,ATL,55,2015-02-20,Home,TOR,L
55,ATL,56,2015-02-22,Away,MIL,W
56,ATL,57,2015-02-25,Home,DAL,W
57,ATL,58,2015-02-27,Home,ORL,W
58,ATL,59,2015-02-28,Away,MIA,W
59,ATL,60,2015-03-03,Home,HOU,W
60,ATL,61,2015-03-06,Home,CLE,W
61,ATL,62,2015-03-07,Away,PHI,L
62,ATL,63,2015-03-09,Home,SAC,W
63,ATL,64,2015-03-11,Away,DEN,L
64,ATL,65,2015-03-13,Away,PHO,W
65,ATL,66,2015-03-15,Away,LAL,W
66,ATL,67,2015-03-16,Away,SAC,W
67,ATL,68,2015-03-18,Away,GSW,L
68,ATL,69,2015-03-20,Away,OKC,L
69,ATL,70,2015-03-22,Home,SAS,L
70,ATL,71,2015-03-25,Away,ORL,W
71,ATL,72,2015-03-27,Home,MIA,W
72,ATL,73,2015-03-28,Away,CHO,L
73,ATL,74,2015-03-30,Home,MIL,W
74,ATL,75,2015-03-31,Away,DET,L
75,ATL,76,2015-04-04,Home,BRK,W
76,ATL,77,2015-04-07,Home,PHO,W
77,ATL,78,2015-04-08,Away,BRK,W
78,ATL,79,2015-04-10,Home,CHO,W
79,ATL,80,2015-04-12,Away,WAS,L
80,ATL,81,2015-04-13,Home,NYK,L
81,ATL,82,2015-04-15,Away,CHI,L
82,BOS,1,2014-10-29,Home,BRK,W
83,BOS,2,2014-11-01,Away,HOU,L
84,BOS,3,2014-11-03,Away,DAL,L
85,BOS,4,2014-11-05,Home,TOR,L
86,BOS,5,2014-11-07,Home,IND,W
87,BOS,6,2014-11-08,Away,CHI,W
88,BOS,7,2014-11-12,Home,OKC,L
89,BOS,8,2014-11-14,Home,CLE,L
90,BOS,9,2014-11-17,Home,PHO,L
91,BOS,10,2014-11-19,Away,PHI,W
92,BOS,11,2014-11-21,Away,MEM,L
93,BOS,12,2014-11-23,Home,POR,L
94,BOS,13,2014-11-28,Home,CHI,L
95,BOS,14,2014-11-30,Home,SAS,L
96,BOS,15,2014-12-02,Away,ATL,L
97,BOS,16,2014-12-03,Home,DET,W
98,BOS,17,2014-12-05,Home,LAL,W
99,BOS,18,2014-12-07,Home,WAS,W
100,BOS,19,2014-12-08,Away,WAS,L
101,BOS,20,2014-12-10,Away,CHO,L
102,BOS,21,2014-12-12,Home,NYK,L
103,BOS,22,2014-12-15,Away,PHI,W
104,BOS,23,2014-12-17,Home,ORL,W
105,BOS,24,2014-12-19,Home,MIN,W
106,BOS,25,2014-12-21,Away,MIA,L
107,BOS,26,2014-12-23,Away,ORL,L
108,BOS,27,2014-12-26,Home,BRK,L
109,BOS,28,2014-12-27,Away,WAS,L
110,BOS,29,2014-12-31,Home,SAC,W
111,BOS,30,2015-01-02,Home,DAL,L
112,BOS,31,2015-01-03,Away,CHI,L
113,BOS,32,2015-01-05,Home,CHO,L
114,BOS,33,2015-01-07,Away,BRK,W
115,BOS,34,2015-01-09,Away,IND,L
116,BOS,35,2015-01-10,Away,TOR,L
117,BOS,36,2015-01-12,Home,NOP,W
118,BOS,37,2015-01-14,Home,ATL,L
119,BOS,38,2015-01-16,Home,CHI,L
120,BOS,39,2015-01-19,Away,LAC,L
121,BOS,40,2015-01-22,Away,POR,W
122,BOS,41,2015-01-23,Away,DEN,W
123,BOS,42,2015-01-25,Away,GSW,L
124,BOS,43,2015-01-26,Away,UTA,W
125,BOS,44,2015-01-28,Away,MIN,L
126,BOS,45,2015-01-30,Home,HOU,L
127,BOS,46,2015-02-01,Home,MIA,L
128,BOS,47,2015-02-03,Away,NYK,W
129,BOS,48,2015-02-04,Home,DEN,W
130,BOS,49,2015-02-06,Home,PHI,W
131,BOS,50,2015-02-07,Away,MIL,L
132,BOS,51,2015-02-11,Home,ATL,W
133,BOS,52,2015-02-20,Away,SAC,L
134,BOS,53,2015-02-22,Away,LAL,L
135,BOS,54,2015-02-23,Away,PHO,W
136,BOS,55,2015-02-25,Home,NYK,W
137,BOS,56,2015-02-27,Home,CHO,W
138,BOS,57,2015-03-01,Home,GSW,L
139,BOS,58,2015-03-03,Away,CLE,L
140,BOS,59,2015-03-04,Home,UTA,W
141,BOS,60,2015-03-06,Away,NOP,W
142,BOS,61,2015-03-08,Away,ORL,L
143,BOS,62,2015-03-09,Away,MIA,W
144,BOS,63,2015-03-11,Home,MEM,W
145,BOS,64,2015-03-13,Home,ORL,W
146,BOS,65,2015-03-14,Away,IND,W
147,BOS,66,2015-03-16,Home,PHI,W
148,BOS,67,2015-03-18,Away,OKC,L
149,BOS,68,2015-03-20,Away,SAS,L
150,BOS,69,2015-03-22,Home,DET,L
151,BOS,70,2015-03-23,Away,BRK,W
152,BOS,71,2015-03-25,Home,MIA,L
153,BOS,72,2015-03-27,Away,NYK,W
154,BOS,73,2015-03-29,Home,LAC,L
155,BOS,74,2015-03-30,Away,CHO,W
156,BOS,75,2015-04-01,Home,IND,W
157,BOS,76,2015-04-03,Home,MIL,L
158,BOS,77,2015-04-04,Away,TOR,W
159,BOS,78,2015-04-08,Away,DET,W
160,BOS,79,2015-04-10,Away,CLE,W
161,BOS,80,2015-04-12,Home,CLE,W
162,BOS,81,2015-04-14,Home,TOR,W
163,BOS,82,2015-04-15,Away,MIL,W
164,BRK,1,2014-10-29,Away,BOS,L
165,BRK,2,2014-11-01,Away,DET,W
166,BRK,3,2014-11-03,Home,OKC,W
167,BRK,4,2014-11-05,Home,MIN,L
168,BRK,5,2014-11-07,Home,NYK,W
169,BRK,6,2014-11-09,Home,ORL,W
170,BRK,7,2014-11-12,Away,PHO,L
171,BRK,8,2014-11-13,Away,GSW,L
172,BRK,9,2014-11-15,Away,POR,L
173,BRK,10,2014-11-17,Home,MIA,L
174,BRK,11,2014-11-19,Home,MIL,L
175,BRK,12,2014-11-21,Away,OKC,W
176,BRK,13,2014-11-22,Away,SAS,L
177,BRK,14,2014-11-26,Away,PHI,W
178,BRK,15,2014-11-30,Home,CHI,L
179,BRK,16,2014-12-02,Away,NYK,W
180,BRK,17,2014-12-03,Home,SAS,W
181,BRK,18,2014-12-05,Home,ATL,L
182,BRK,19,2014-12-08,Home,CLE,L
183,BRK,20,2014-12-10,Away,CHI,L
184,BRK,21,2014-12-12,Home,PHI,W
185,BRK,22,2014-12-13,Away,CHO,W
186,BRK,23,2014-12-16,Home,MIA,L
187,BRK,24,2014-12-17,Away,TOR,L
188,BRK,25,2014-12-19,Away,CLE,L
189,BRK,26,2014-12-21,Home,DET,W
190,BRK,27,2014-12-23,Home,DEN,W
191,BRK,28,2014-12-26,Away,BOS,W
192,BRK,29,2014-12-27,Home,IND,L
193,BRK,30,2014-12-29,Home,SAC,W
194,BRK,31,2014-12-30,Away,CHI,W
195,BRK,32,2015-01-02,Away,ORL,W
196,BRK,33,2015-01-04,Away,MIA,L
197,BRK,34,2015-01-05,Home,DAL,L
198,BRK,35,2015-01-07,Home,BOS,L
199,BRK,36,2015-01-09,Home,PHI,L
200,BRK,37,2015-01-10,Away,DET,L
201,BRK,38,2015-01-12,Home,HOU,L
202,BRK,39,2015-01-14,Home,MEM,L
203,BRK,40,2015-01-16,Away,WAS,W
204,BRK,41,2015-01-17,Home,WAS,L
205,BRK,42,2015-01-21,Away,SAC,W
206,BRK,43,2015-01-22,Away,LAC,L
207,BRK,44,2015-01-24,Away,UTA,L
208,BRK,45,2015-01-28,Away,ATL,L
209,BRK,46,2015-01-30,Home,TOR,L
210,BRK,47,2015-02-02,Home,LAC,W
211,BRK,48,2015-02-04,Away,TOR,W
212,BRK,49,2015-02-06,Home,NYK,W
213,BRK,50,2015-02-07,Away,WAS,L
214,BRK,51,2015-02-09,Away,MIL,L
215,BRK,52,2015-02-10,Away,MEM,L
216,BRK,53,2015-02-20,Away,LAL,W
217,BRK,54,2015-02-23,Away,DEN,W
218,BRK,55,2015-02-25,Away,NOP,L
219,BRK,56,2015-02-27,Away,HOU,L
220,BRK,57,2015-02-28,Away,DAL,W
221,BRK,58,2015-03-02,Home,GSW,W
222,BRK,59,2015-03-04,Home,CHO,L
223,BRK,60,2015-03-06,Home,PHO,L
224,BRK,61,2015-03-08,Home,UTA,L
225,BRK,62,2015-03-10,Home,NOP,L
226,BRK,63,2015-03-11,Away,MIA,L
227,BRK,64,2015-03-14,Away,PHI,W
228,BRK,65,2015-03-16,Away,MIN,W
229,BRK,66,2015-03-18,Away,CLE,L
230,BRK,67,2015-03-20,Home,MIL,W
231,BRK,68,2015-03-21,Away,IND,W
232,BRK,69,2015-03-23,Home,BOS,L
233,BRK,70,2015-03-25,Away,CHO,W
234,BRK,71,2015-03-27,Home,CLE,W
235,BRK,72,2015-03-29,Home,LAL,W
236,BRK,73,2015-03-31,Home,IND,W
237,BRK,74,2015-04-01,Away,NYK,W
238,BRK,75,2015-04-03,Home,TOR,W
239,BRK,76,2015-04-04,Away,ATL,L
240,BRK,77,2015-04-06,Home,POR,W
241,BRK,78,2015-04-08,Home,ATL,L
242,BRK,79,2015-04-10,Home,WAS,W
243,BRK,80,2015-04-12,Away,MIL,L
244,BRK,81,2015-04-13,Home,CHI,L
245,BRK,82,2015-04-15,Home,ORL,W
246,CHO,1,2014-10-29,Home,MIL,W
247,CHO,2,2014-11-01,Home,MEM,L
248,CHO,3,2014-11-02,Away,NYK,L
249,CHO,4,2014-11-04,Away,NOP,L
250,CHO,5,2014-11-05,Home,MIA,W
251,CHO,6,2014-11-07,Home,ATL,W
252,CHO,7,2014-11-09,Away,LAL,L
253,CHO,8,2014-11-11,Away,POR,L
254,CHO,9,2014-11-14,Away,PHO,W
255,CHO,10,2014-11-15,Away,GSW,L
256,CHO,11,2014-11-17,Home,DAL,L
257,CHO,12,2014-11-19,Away,IND,L
258,CHO,13,2014-11-21,Home,ORL,L
259,CHO,14,2014-11-23,Away,MIA,L
260,CHO,15,2014-11-24,Home,LAC,L
261,CHO,16,2014-11-26,Home,POR,L
262,CHO,17,2014-11-28,Home,GSW,L
263,CHO,18,2014-11-29,Away,ATL,L
264,CHO,19,2014-12-03,Home,CHI,L
265,CHO,20,2014-12-05,Home,NYK,W
266,CHO,21,2014-12-10,Home,BOS,W
267,CHO,22,2014-12-12,Away,MEM,L
268,CHO,23,2014-12-13,Home,BRK,L
269,CHO,24,2014-12-15,Away,CLE,L
270,CHO,25,2014-12-17,Home,PHO,L
271,CHO,26,2014-12-19,Away,PHI,W
272,CHO,27,2014-12-20,Home,UTA,W
273,CHO,28,2014-12-22,Home,DEN,W
274,CHO,29,2014-12-23,Away,MIL,W
275,CHO,30,2014-12-26,Away,OKC,L
276,CHO,31,2014-12-27,Home,ORL,L
277,CHO,32,2014-12-29,Home,MIL,L
278,CHO,33,2014-12-31,Away,HOU,L
279,CHO,34,2015-01-02,Home,CLE,L
280,CHO,35,2015-01-03,Away,ORL,W
281,CHO,36,2015-01-05,Away,BOS,W
282,CHO,37,2015-01-07,Home,NOP,W
283,CHO,38,2015-01-08,Away,TOR,W
284,CHO,39,2015-01-10,Away,NYK,W
285,CHO,40,2015-01-14,Home,SAS,L
286,CHO,41,2015-01-17,Home,IND,W
287,CHO,42,2015-01-19,Home,MIN,W
288,CHO,43,2015-01-21,Home,MIA,W
289,CHO,44,2015-01-23,Away,CLE,L
290,CHO,45,2015-01-24,Home,NYK,W
291,CHO,46,2015-01-28,Away,SAS,L
292,CHO,47,2015-01-31,Away,DEN,W
293,CHO,48,2015-02-02,Away,WAS,W
294,CHO,49,2015-02-05,Home,WAS,W
295,CHO,50,2015-02-07,Away,PHI,L
296,CHO,51,2015-02-08,Home,IND,L
297,CHO,52,2015-02-10,Home,DET,L
298,CHO,53,2015-02-21,Home,OKC,L
299,CHO,54,2015-02-22,Away,DAL,L
300,CHO,55,2015-02-25,Away,CHI,W
301,CHO,56,2015-02-27,Away,BOS,L
302,CHO,57,2015-03-01,Away,ORL,W
303,CHO,58,2015-03-03,Home,LAL,W
304,CHO,59,2015-03-04,Away,BRK,W
305,CHO,60,2015-03-06,Home,TOR,W
306,CHO,61,2015-03-08,Away,DET,W
307,CHO,62,2015-03-09,Home,WAS,L
308,CHO,63,2015-03-11,Home,SAC,L
309,CHO,64,2015-03-13,Home,CHI,W
310,CHO,65,2015-03-16,Away,UTA,L
311,CHO,66,2015-03-17,Away,LAC,L
312,CHO,67,2015-03-20,Away,SAC,L
313,CHO,68,2015-03-22,Away,MIN,W
314,CHO,69,2015-03-23,Away,CHI,L
315,CHO,70,2015-03-25,Home,BRK,L
316,CHO,71,2015-03-27,Away,WAS,L
317,CHO,72,2015-03-28,Home,ATL,W
318,CHO,73,2015-03-30,Home,BOS,L
319,CHO,74,2015-04-01,Home,DET,W
320,CHO,75,2015-04-03,Away,IND,L
321,CHO,76,2015-04-04,Home,PHI,W
322,CHO,77,2015-04-07,Away,MIA,L
323,CHO,78,2015-04-08,Home,TOR,L
324,CHO,79,2015-04-10,Away,ATL,L
325,CHO,80,2015-04-12,Away,DET,L
326,CHO,81,2015-04-13,Home,HOU,L
327,CHO,82,2015-04-15,Away,TOR,L
328,CHI,1,2014-10-29,Away,NYK,W
329,CHI,2,2014-10-31,Home,CLE,L
330,CHI,3,2014-11-01,Away,MIN,W
331,CHI,4,2014-11-04,Home,ORL,W
332,CHI,5,2014-11-05,Away,MIL,W
333,CHI,6,2014-11-07,Away,PHI,W
334,CHI,7,2014-11-08,Home,BOS,L
335,CHI,8,2014-11-10,Home,DET,W
336,CHI,9,2014-11-13,Away,TOR,W
337,CHI,10,2014-11-15,Home,IND,L
338,CHI,11,2014-11-17,Away,LAC,W
339,CHI,12,2014-11-20,Away,SAC,L
340,CHI,13,2014-11-21,Away,POR,L
341,CHI,14,2014-11-24,Away,UTA,W
342,CHI,15,2014-11-25,Away,DEN,L
343,CHI,16,2014-11-28,Away,BOS,W
344,CHI,17,2014-11-30,Away,BRK,W
345,CHI,18,2014-12-02,Home,DAL,L
346,CHI,19,2014-12-03,Away,CHO,W
347,CHI,20,2014-12-06,Home,GSW,L
348,CHI,21,2014-12-10,Home,BRK,W
349,CHI,22,2014-12-12,Home,POR,W
350,CHI,23,2014-12-14,Away,MIA,W
351,CHI,24,2014-12-15,Away,ATL,L
352,CHI,25,2014-12-18,Home,NYK,W
353,CHI,26,2014-12-19,Away,MEM,W
354,CHI,27,2014-12-22,Home,TOR,W
355,CHI,28,2014-12-23,Away,WAS,W
356,CHI,29,2014-12-25,Home,LAL,W
357,CHI,30,2014-12-27,Home,NOP,W
358,CHI,31,2014-12-29,Away,IND,W
359,CHI,32,2014-12-30,Home,BRK,L
360,CHI,33,2015-01-01,Home,DEN,W
361,CHI,34,2015-01-03,Home,BOS,W
362,CHI,35,2015-01-05,Home,HOU,W
363,CHI,36,2015-01-07,Home,UTA,L
364,CHI,37,2015-01-09,Away,WAS,L
365,CHI,38,2015-01-10,Home,MIL,W
366,CHI,39,2015-01-12,Home,ORL,L
367,CHI,40,2015-01-14,Home,WAS,L
368,CHI,41,2015-01-16,Away,BOS,W
369,CHI,42,2015-01-17,Home,ATL,L
370,CHI,43,2015-01-19,Away,CLE,L
371,CHI,44,2015-01-22,Home,SAS,W
372,CHI,45,2015-01-23,Away,DAL,W
373,CHI,46,2015-01-25,Home,MIA,L
374,CHI,47,2015-01-27,Away,GSW,W
375,CHI,48,2015-01-29,Away,LAL,L
376,CHI,49,2015-01-30,Away,PHO,L
377,CHI,50,2015-02-04,Away,HOU,L
378,CHI,51,2015-02-07,Away,NOP,W
379,CHI,52,2015-02-08,Away,ORL,W
380,CHI,53,2015-02-10,Home,SAC,W
381,CHI,54,2015-02-12,Home,CLE,W
382,CHI,55,2015-02-20,Away,DET,L
383,CHI,56,2015-02-21,Home,PHO,W
384,CHI,57,2015-02-23,Home,MIL,W
385,CHI,58,2015-02-25,Home,CHO,L
386,CHI,59,2015-02-27,Home,MIN,W
387,CHI,60,2015-03-01,Home,LAC,L
388,CHI,61,2015-03-03,Home,WAS,W
389,CHI,62,2015-03-05,Home,OKC,W
390,CHI,63,2015-03-06,Away,IND,L
391,CHI,64,2015-03-08,Away,SAS,L
392,CHI,65,2015-03-09,Home,MEM,L
393,CHI,66,2015-03-11,Away,PHI,W
394,CHI,67,2015-03-13,Away,CHO,L
395,CHI,68,2015-03-15,Away,OKC,L
396,CHI,69,2015-03-18,Home,IND,W
397,CHI,70,2015-03-20,Home,TOR,W
398,CHI,71,2015-03-21,Away,DET,L
399,CHI,72,2015-03-23,Home,CHO,W
400,CHI,73,2015-03-25,Away,TOR,W
401,CHI,74,2015-03-28,Home,NYK,W
402,CHI,75,2015-04-01,Away,MIL,L
403,CHI,76,2015-04-03,Home,DET,W
404,CHI,77,2015-04-05,Away,CLE,L
405,CHI,78,2015-04-08,Away,ORL,L
406,CHI,79,2015-04-09,Away,MIA,W
407,CHI,80,2015-04-11,Home,PHI,W
408,CHI,81,2015-04-13,Away,BRK,W
409,CHI,82,2015-04-15,Home,ATL,W
410,CLE,1,2014-10-30,Home,NYK,L
411,CLE,2,2014-10-31,Away,CHI,W
412,CLE,3,2014-11-04,Away,POR,L
413,CLE,4,2014-11-05,Away,UTA,L
414,CLE,5,2014-11-07,Away,DEN,W
415,CLE,6,2014-11-10,Home,NOP,W
416,CLE,7,2014-11-14,Away,BOS,W
417,CLE,8,2014-11-15,Home,ATL,W
418,CLE,9,2014-11-17,Home,DEN,L
419,CLE,10,2014-11-19,Home,SAS,L
420,CLE,11,2014-11-21,Away,WAS,L
421,CLE,12,2014-11-22,Home,TOR,L
422,CLE,13,2014-11-24,Home,ORL,W
423,CLE,14,2014-11-26,Home,WAS,W
424,CLE,15,2014-11-29,Home,IND,W
425,CLE,16,2014-12-02,Home,MIL,W
426,CLE,17,2014-12-04,Away,NYK,W
427,CLE,18,2014-12-05,Away,TOR,W
428,CLE,19,2014-12-08,Away,BRK,W
429,CLE,20,2014-12-09,Home,TOR,W
430,CLE,21,2014-12-11,Away,OKC,L
431,CLE,22,2014-12-12,Away,NOP,L
432,CLE,23,2014-12-15,Home,CHO,W
433,CLE,24,2014-12-17,Home,ATL,L
434,CLE,25,2014-12-19,Home,BRK,W
435,CLE,26,2014-12-21,Home,MEM,W
436,CLE,27,2014-12-23,Home,MIN,W
437,CLE,28,2014-12-25,Away,MIA,L
438,CLE,29,2014-12-26,Away,ORL,W
439,CLE,30,2014-12-28,Home,DET,L
440,CLE,31,2014-12-30,Away,ATL,L
441,CLE,32,2014-12-31,Home,MIL,L
442,CLE,33,2015-01-02,Away,CHO,W
443,CLE,34,2015-01-04,Home,DAL,L
444,CLE,35,2015-01-05,Away,PHI,L
445,CLE,36,2015-01-07,Home,HOU,L
446,CLE,37,2015-01-09,Away,GSW,L
447,CLE,38,2015-01-11,Away,SAC,L
448,CLE,39,2015-01-13,Away,PHO,L
449,CLE,40,2015-01-15,Away,LAL,W
450,CLE,41,2015-01-16,Away,LAC,W
451,CLE,42,2015-01-19,Home,CHI,W
452,CLE,43,2015-01-21,Home,UTA,W
453,CLE,44,2015-01-23,Home,CHO,W
454,CLE,45,2015-01-25,Home,OKC,W
455,CLE,46,2015-01-27,Away,DET,W
456,CLE,47,2015-01-28,Home,POR,W
457,CLE,48,2015-01-30,Home,SAC,W
458,CLE,49,2015-01-31,Away,MIN,W
459,CLE,50,2015-02-02,Home,PHI,W
460,CLE,51,2015-02-05,Home,LAC,W
461,CLE,52,2015-02-06,Away,IND,L
462,CLE,53,2015-02-08,Home,LAL,W
463,CLE,54,2015-02-11,Home,MIA,W
464,CLE,55,2015-02-12,Away,CHI,L
465,CLE,56,2015-02-20,Away,WAS,W
466,CLE,57,2015-02-22,Away,NYK,W
467,CLE,58,2015-02-24,Away,DET,W
468,CLE,59,2015-02-26,Home,GSW,W
469,CLE,60,2015-02-27,Away,IND,L
470,CLE,61,2015-03-01,Away,HOU,L
471,CLE,62,2015-03-03,Home,BOS,W
472,CLE,63,2015-03-04,Away,TOR,W
473,CLE,64,2015-03-06,Away,ATL,L
474,CLE,65,2015-03-07,Home,PHO,W
475,CLE,66,2015-03-10,Away,DAL,W
476,CLE,67,2015-03-12,Away,SAS,W
477,CLE,68,2015-03-15,Away,ORL,W
478,CLE,69,2015-03-16,Away,MIA,L
479,CLE,70,2015-03-18,Home,BRK,W
480,CLE,71,2015-03-20,Home,IND,W
481,CLE,72,2015-03-22,Away,MIL,W
482,CLE,73,2015-03-25,Away,MEM,W
483,CLE,74,2015-03-27,Away,BRK,L
484,CLE,75,2015-03-29,Home,PHI,W
485,CLE,76,2015-04-02,Home,MIA,W
486,CLE,77,2015-04-05,Home,CHI,W
487,CLE,78,2015-04-08,Away,MIL,W
488,CLE,79,2015-04-10,Home,BOS,L
489,CLE,80,2015-04-12,Away,BOS,L
490,CLE,81,2015-04-13,Home,DET,W
491,CLE,82,2015-04-15,Home,WAS,W
492,DAL,1,2014-10-28,Away,SAS,L
493,DAL,2,2014-10-30,Home,UTA,W
494,DAL,3,2014-11-01,Away,NOP,W
495,DAL,4,2014-11-03,Home,BOS,W
496,DAL,5,2014-11-06,Away,POR,L
497,DAL,6,2014-11-07,Away,UTA,W
498,DAL,7,2014-11-09,Home,MIA,L
499,DAL,8,2014-11-11,Home,SAC,W
500,DAL,9,2014-11-13,Home,PHI,W
501,DAL,10,2014-11-15,Home,MIN,W
502,DAL,11,2014-11-17,Away,CHO,W
503,DAL,12,2014-11-19,Away,WAS,W
504,DAL,13,2014-11-21,Home,LAL,W
505,DAL,14,2014-11-22,Away,HOU,L
506,DAL,15,2014-11-24,Home,IND,L
507,DAL,16,2014-11-26,Home,NYK,W
508,DAL,17,2014-11-28,Away,TOR,W
509,DAL,18,2014-11-29,Away,PHI,W
510,DAL,19,2014-12-02,Away,CHI,W
511,DAL,20,2014-12-03,Away,MIL,W
512,DAL,21,2014-12-05,Home,PHO,L
513,DAL,22,2014-12-07,Home,MIL,W
514,DAL,23,2014-12-09,Away,MEM,L
515,DAL,24,2014-12-10,Home,NOP,W
516,DAL,25,2014-12-13,Home,GSW,L
517,DAL,26,2014-12-16,Away,NYK,W
518,DAL,27,2014-12-17,Away,DET,W
519,DAL,28,2014-12-20,Home,SAS,W
520,DAL,29,2014-12-22,Home,ATL,L
521,DAL,30,2014-12-23,Away,PHO,L
522,DAL,31,2014-12-26,Home,LAL,W
523,DAL,32,2014-12-28,Home,OKC,W
524,DAL,33,2014-12-30,Home,WAS,W
525,DAL,34,2015-01-02,Away,BOS,W
526,DAL,35,2015-01-04,Away,CLE,W
527,DAL,36,2015-01-05,Away,BRK,W
528,DAL,37,2015-01-07,Home,DET,L
529,DAL,38,2015-01-10,Away,LAC,L
530,DAL,39,2015-01-13,Away,SAC,W
531,DAL,40,2015-01-14,Away,DEN,L
532,DAL,41,2015-01-16,Home,DEN,W
533,DAL,42,2015-01-19,Away,MEM,W
534,DAL,43,2015-01-21,Away,MIN,W
535,DAL,44,2015-01-23,Home,CHI,L
536,DAL,45,2015-01-25,Away,NOP,L
537,DAL,46,2015-01-27,Home,MEM,L
538,DAL,47,2015-01-28,Away,HOU,L
539,DAL,48,2015-01-30,Away,MIA,W
540,DAL,49,2015-01-31,Away,ORL,W
541,DAL,50,2015-02-02,Home,MIN,W
542,DAL,51,2015-02-04,Away,GSW,L
543,DAL,52,2015-02-05,Away,SAC,W
544,DAL,53,2015-02-07,Home,POR,W
545,DAL,54,2015-02-09,Home,LAC,L
546,DAL,55,2015-02-11,Home,UTA,W
547,DAL,56,2015-02-19,Away,OKC,L
548,DAL,57,2015-02-20,Home,HOU,W
549,DAL,58,2015-02-22,Home,CHO,W
550,DAL,59,2015-02-24,Home,TOR,W
551,DAL,60,2015-02-25,Away,ATL,L
552,DAL,61,2015-02-28,Home,BRK,L
553,DAL,62,2015-03-02,Home,NOP,W
554,DAL,63,2015-03-05,Away,POR,L
555,DAL,64,2015-03-06,Away,GSW,L
556,DAL,65,2015-03-08,Away,LAL,W
557,DAL,66,2015-03-10,Home,CLE,L
558,DAL,67,2015-03-13,Home,LAC,W
559,DAL,68,2015-03-16,Home,OKC,W
560,DAL,69,2015-03-18,Home,ORL,W
561,DAL,70,2015-03-20,Home,MEM,L
562,DAL,71,2015-03-22,Away,PHO,L
563,DAL,72,2015-03-24,Home,SAS,W
564,DAL,73,2015-03-27,Away,SAS,L
565,DAL,74,2015-03-29,Away,IND,L
566,DAL,75,2015-04-01,Away,OKC,W
567,DAL,76,2015-04-02,Home,HOU,L
568,DAL,77,2015-04-04,Home,GSW,L
569,DAL,78,2015-04-08,Home,PHO,W
570,DAL,79,2015-04-10,Away,DEN,W
571,DAL,80,2015-04-12,Away,LAL,W
572,DAL,81,2015-04-13,Away,UTA,L
573,DAL,82,2015-04-15,Home,POR,W
574,DEN,1,2014-10-29,Home,DET,W
575,DEN,2,2014-11-01,Away,OKC,L
576,DEN,3,2014-11-03,Home,SAC,L
577,DEN,4,2014-11-05,Away,SAC,L
578,DEN,5,2014-11-07,Home,CLE,L
579,DEN,6,2014-11-09,Away,POR,L
580,DEN,7,2014-11-12,Home,POR,L
581,DEN,8,2014-11-14,Away,IND,W
582,DEN,9,2014-11-16,Away,NYK,L
583,DEN,10,2014-11-17,Away,CLE,W
584,DEN,11,2014-11-19,Home,OKC,W
585,DEN,12,2014-11-21,Home,NOP,W
586,DEN,13,2014-11-23,Away,LAL,W
587,DEN,14,2014-11-25,Home,CHI,W
588,DEN,15,2014-11-26,Away,PHO,L
589,DEN,16,2014-11-28,Home,PHO,W
590,DEN,17,2014-12-01,Away,UTA,W
591,DEN,18,2014-12-02,Home,POR,L
592,DEN,19,2014-12-05,Away,WAS,L
593,DEN,20,2014-12-07,Away,ATL,L
594,DEN,21,2014-12-08,Away,TOR,L
595,DEN,22,2014-12-10,Home,MIA,W
596,DEN,23,2014-12-13,Away,HOU,L
597,DEN,24,2014-12-14,Home,SAS,L
598,DEN,25,2014-12-17,Home,HOU,L
599,DEN,26,2014-12-19,Home,LAC,W
600,DEN,27,2014-12-20,Home,IND,W
601,DEN,28,2014-12-22,Away,CHO,L
602,DEN,29,2014-12-23,Away,BRK,L
603,DEN,30,2014-12-26,Home,MIN,W
604,DEN,31,2014-12-28,Home,TOR,L
605,DEN,32,2014-12-30,Home,LAL,L
606,DEN,33,2015-01-01,Away,CHI,L
607,DEN,34,2015-01-03,Home,MEM,W
608,DEN,35,2015-01-05,Away,MIN,W
609,DEN,36,2015-01-07,Home,ORL,W
610,DEN,37,2015-01-09,Away,SAC,W
611,DEN,38,2015-01-14,Home,DAL,W
612,DEN,39,2015-01-16,Away,DAL,L
613,DEN,40,2015-01-17,Home,MIN,L
614,DEN,41,2015-01-19,Away,GSW,L
615,DEN,42,2015-01-20,Home,SAS,L
616,DEN,43,2015-01-23,Home,BOS,L
617,DEN,44,2015-01-25,Home,WAS,L
618,DEN,45,2015-01-26,Away,LAC,L
619,DEN,46,2015-01-28,Away,NOP,W
620,DEN,47,2015-01-29,Away,MEM,L
621,DEN,48,2015-01-31,Home,CHO,L
622,DEN,49,2015-02-03,Away,PHI,L
623,DEN,50,2015-02-04,Away,BOS,L
624,DEN,51,2015-02-06,Away,DET,L
625,DEN,52,2015-02-09,Home,OKC,L
626,DEN,53,2015-02-10,Away,LAL,W
627,DEN,54,2015-02-20,Away,MIL,L
628,DEN,55,2015-02-22,Away,OKC,L
629,DEN,56,2015-02-23,Home,BRK,L
630,DEN,57,2015-02-25,Home,PHO,L
631,DEN,58,2015-02-27,Home,UTA,L
632,DEN,59,2015-03-01,Home,NOP,L
633,DEN,60,2015-03-03,Home,MIL,W
634,DEN,61,2015-03-04,Away,MIN,W
635,DEN,62,2015-03-06,Away,SAS,L
636,DEN,63,2015-03-07,Home,HOU,L
637,DEN,64,2015-03-09,Home,NYK,W
638,DEN,65,2015-03-11,Home,ATL,W
639,DEN,66,2015-03-13,Home,GSW,W
640,DEN,67,2015-03-15,Away,NOP,W
641,DEN,68,2015-03-16,Away,MEM,L
642,DEN,69,2015-03-19,Away,HOU,L
643,DEN,70,2015-03-20,Away,MIA,L
644,DEN,71,2015-03-22,Away,ORL,W
645,DEN,72,2015-03-25,Home,PHI,L
646,DEN,73,2015-03-27,Home,UTA,W
647,DEN,74,2015-03-28,Away,POR,L
648,DEN,75,2015-04-01,Away,UTA,L
649,DEN,76,2015-04-03,Away,SAS,L
650,DEN,77,2015-04-04,Home,LAC,L
651,DEN,78,2015-04-08,Home,LAL,W
652,DEN,79,2015-04-10,Home,DAL,L
653,DEN,80,2015-04-12,Home,SAC,W
654,DEN,81,2015-04-13,Away,LAC,L
655,DEN,82,2015-04-15,Away,GSW,L
656,DET,1,2014-10-29,Away,DEN,L
657,DET,2,2014-10-30,Away,MIN,L
658,DET,3,2014-11-01,Home,BRK,L
659,DET,4,2014-11-05,Home,NYK,W
660,DET,5,2014-11-07,Home,MIL,W
661,DET,6,2014-11-09,Home,UTA,L
662,DET,7,2014-11-10,Away,CHI,L
663,DET,8,2014-11-12,Away,WAS,L
664,DET,9,2014-11-14,Away,OKC,W
665,DET,10,2014-11-15,Away,MEM,L
666,DET,11,2014-11-17,Home,ORL,L
667,DET,12,2014-11-19,Home,PHO,L
668,DET,13,2014-11-21,Away,ATL,L
669,DET,14,2014-11-25,Away,MIL,L
670,DET,15,2014-11-26,Home,LAC,L
671,DET,16,2014-11-28,Home,MIL,L
672,DET,17,2014-11-30,Home,GSW,L
673,DET,18,2014-12-02,Home,LAL,L
674,DET,19,2014-12-03,Away,BOS,L
675,DET,20,2014-12-06,Home,PHI,L
676,DET,21,2014-12-07,Home,OKC,L
677,DET,22,2014-12-09,Home,POR,L
678,DET,23,2014-12-12,Away,PHO,W
679,DET,24,2014-12-13,Away,SAC,W
680,DET,25,2014-12-15,Away,LAC,L
681,DET,26,2014-12-17,Home,DAL,L
682,DET,27,2014-12-19,Home,TOR,L
683,DET,28,2014-12-21,Away,BRK,L
684,DET,29,2014-12-26,Home,IND,W
685,DET,30,2014-12-28,Away,CLE,W
686,DET,31,2014-12-30,Away,ORL,W
687,DET,32,2015-01-02,Away,NYK,W
688,DET,33,2015-01-04,Home,SAC,W
689,DET,34,2015-01-06,Away,SAS,W
690,DET,35,2015-01-07,Away,DAL,W
691,DET,36,2015-01-09,Home,ATL,L
692,DET,37,2015-01-10,Home,BRK,W
693,DET,38,2015-01-12,Away,TOR,W
694,DET,39,2015-01-14,Home,NOP,L
695,DET,40,2015-01-16,Away,IND,W
696,DET,41,2015-01-17,Home,PHI,W
697,DET,42,2015-01-19,Away,ATL,L
698,DET,43,2015-01-21,Home,ORL,W
699,DET,44,2015-01-24,Away,MIL,L
700,DET,45,2015-01-25,Away,TOR,L
701,DET,46,2015-01-27,Home,CLE,L
702,DET,47,2015-01-28,Away,PHI,L
703,DET,48,2015-01-31,Home,HOU,W
704,DET,49,2015-02-03,Home,MIA,W
705,DET,50,2015-02-04,Away,IND,L
706,DET,51,2015-02-06,Home,DEN,W
707,DET,52,2015-02-08,Home,MIN,L
708,DET,53,2015-02-10,Away,CHO,W
709,DET,54,2015-02-11,Home,SAS,L
710,DET,55,2015-02-20,Home,CHI,W
711,DET,56,2015-02-22,Home,WAS,W
712,DET,57,2015-02-24,Home,CLE,L
713,DET,58,2015-02-27,Home,NYK,L
714,DET,59,2015-02-28,Away,WAS,L
715,DET,60,2015-03-04,Away,NOP,L
716,DET,61,2015-03-06,Away,HOU,L
717,DET,62,2015-03-08,Home,CHO,L
718,DET,63,2015-03-10,Away,LAL,L
719,DET,64,2015-03-11,Away,GSW,L
720,DET,65,2015-03-13,Away,POR,L
721,DET,66,2015-03-14,Away,UTA,L
722,DET,67,2015-03-17,Home,MEM,W
723,DET,68,2015-03-18,Away,PHI,L
724,DET,69,2015-03-21,Home,CHI,W
725,DET,70,2015-03-22,Away,BOS,W
726,DET,71,2015-03-24,Home,TOR,W
727,DET,72,2015-03-27,Away,ORL,W
728,DET,73,2015-03-29,Away,MIA,L
729,DET,74,2015-03-31,Home,ATL,W
730,DET,75,2015-04-01,Away,CHO,L
731,DET,76,2015-04-03,Away,CHI,L
732,DET,77,2015-04-04,Home,MIA,W
733,DET,78,2015-04-08,Home,BOS,L
734,DET,79,2015-04-10,Home,IND,L
735,DET,80,2015-04-12,Home,CHO,W
736,DET,81,2015-04-13,Away,CLE,L
737,DET,82,2015-04-15,Away,NYK,W
738,GSW,1,2014-10-29,Away,SAC,W
739,GSW,2,2014-11-01,Home,LAL,W
740,GSW,3,2014-11-02,Away,POR,W
741,GSW,4,2014-11-05,Home,LAC,W
742,GSW,5,2014-11-08,Away,HOU,W
743,GSW,6,2014-11-09,Away,PHO,L
744,GSW,7,2014-11-11,Home,SAS,L
745,GSW,8,2014-11-13,Home,BRK,W
746,GSW,9,2014-11-15,Home,CHO,W
747,GSW,10,2014-11-16,Away,LAL,W
748,GSW,11,2014-11-21,Home,UTA,W
749,GSW,12,2014-11-23,Away,OKC,W
750,GSW,13,2014-11-25,Away,MIA,W
751,GSW,14,2014-11-26,Away,ORL,W
752,GSW,15,2014-11-28,Away,CHO,W
753,GSW,16,2014-11-30,Away,DET,W
754,GSW,17,2014-12-02,Home,ORL,W
755,GSW,18,2014-12-04,Home,NOP,W
756,GSW,19,2014-12-06,Away,CHI,W
757,GSW,20,2014-12-08,Away,MIN,W
758,GSW,21,2014-12-10,Home,HOU,W
759,GSW,22,2014-12-13,Away,DAL,W
760,GSW,23,2014-12-14,Away,NOP,W
761,GSW,24,2014-12-16,Away,MEM,L
762,GSW,25,2014-12-18,Home,OKC,W
763,GSW,26,2014-12-22,Home,SAC,W
764,GSW,27,2014-12-23,Away,LAL,L
765,GSW,28,2014-12-25,Away,LAC,L
766,GSW,29,2014-12-27,Home,MIN,W
767,GSW,30,2014-12-30,Home,PHI,W
768,GSW,31,2015-01-02,Home,TOR,W
769,GSW,32,2015-01-05,Home,OKC,W
770,GSW,33,2015-01-07,Home,IND,W
771,GSW,34,2015-01-09,Home,CLE,W
772,GSW,35,2015-01-13,Away,UTA,W
773,GSW,36,2015-01-14,Home,MIA,W
774,GSW,37,2015-01-16,Away,OKC,L
775,GSW,38,2015-01-17,Away,HOU,W
776,GSW,39,2015-01-19,Home,DEN,W
777,GSW,40,2015-01-21,Home,HOU,W
778,GSW,41,2015-01-23,Home,SAC,W
779,GSW,42,2015-01-25,Home,BOS,W
780,GSW,43,2015-01-27,Home,CHI,L
781,GSW,44,2015-01-30,Away,UTA,L
782,GSW,45,2015-01-31,Home,PHO,W
783,GSW,46,2015-02-03,Away,SAC,W
784,GSW,47,2015-02-04,Home,DAL,W
785,GSW,48,2015-02-06,Away,ATL,L
786,GSW,49,2015-02-07,Away,NYK,W
787,GSW,50,2015-02-09,Away,PHI,W
788,GSW,51,2015-02-11,Away,MIN,W
789,GSW,52,2015-02-20,Home,SAS,W
790,GSW,53,2015-02-22,Away,IND,L
791,GSW,54,2015-02-24,Away,WAS,W
792,GSW,55,2015-02-26,Away,CLE,L
793,GSW,56,2015-02-27,Away,TOR,W
794,GSW,57,2015-03-01,Away,BOS,W
795,GSW,58,2015-03-02,Away,BRK,L
796,GSW,59,2015-03-04,Home,MIL,W
797,GSW,60,2015-03-06,Home,DAL,W
798,GSW,61,2015-03-08,Home,LAC,W
799,GSW,62,2015-03-09,Away,PHO,W
800,GSW,63,2015-03-11,Home,DET,W
801,GSW,64,2015-03-13,Away,DEN,L
802,GSW,65,2015-03-14,Home,NYK,W
803,GSW,66,2015-03-16,Home,LAL,W
804,GSW,67,2015-03-18,Home,ATL,W
805,GSW,68,2015-03-20,Home,NOP,W
806,GSW,69,2015-03-21,Home,UTA,W
807,GSW,70,2015-03-23,Home,WAS,W
808,GSW,71,2015-03-24,Away,POR,W
809,GSW,72,2015-03-27,Away,MEM,W
810,GSW,73,2015-03-28,Away,MIL,W
811,GSW,74,2015-03-31,Away,LAC,W
812,GSW,75,2015-04-02,Home,PHO,W
813,GSW,76,2015-04-04,Away,DAL,W
814,GSW,77,2015-04-05,Away,SAS,L
815,GSW,78,2015-04-07,Away,NOP,L
816,GSW,79,2015-04-09,Home,POR,W
817,GSW,80,2015-04-11,Home,MIN,W
818,GSW,81,2015-04-13,Home,MEM,W
819,GSW,82,2015-04-15,Home,DEN,W
820,HOU,1,2014-10-28,Away,LAL,W
821,HOU,2,2014-10-29,Away,UTA,W
822,HOU,3,2014-11-01,Home,BOS,W
823,HOU,4,2014-11-03,Away,PHI,W
824,HOU,5,2014-11-04,Away,MIA,W
825,HOU,6,2014-11-06,Home,SAS,W
826,HOU,7,2014-11-08,Home,GSW,L
827,HOU,8,2014-11-12,Away,MIN,W
828,HOU,9,2014-11-14,Home,PHI,W
829,HOU,10,2014-11-16,Away,OKC,W
830,HOU,11,2014-11-17,Away,MEM,L
831,HOU,12,2014-11-19,Home,LAL,L
832,HOU,13,2014-11-22,Home,DAL,W
833,HOU,14,2014-11-24,Home,NYK,W
834,HOU,15,2014-11-26,Home,SAC,W
835,HOU,16,2014-11-28,Home,LAC,L
836,HOU,17,2014-11-29,Away,MIL,W
837,HOU,18,2014-12-03,Home,MEM,W
838,HOU,19,2014-12-05,Away,MIN,W
839,HOU,20,2014-12-06,Home,PHO,W
840,HOU,21,2014-12-10,Away,GSW,L
841,HOU,22,2014-12-11,Away,SAC,W
842,HOU,23,2014-12-13,Home,DEN,W
843,HOU,24,2014-12-17,Away,DEN,W
844,HOU,25,2014-12-18,Home,NOP,L
845,HOU,26,2014-12-20,Home,ATL,L
846,HOU,27,2014-12-22,Home,POR,W
847,HOU,28,2014-12-26,Away,MEM,W
848,HOU,29,2014-12-28,Away,SAS,L
849,HOU,30,2014-12-29,Home,WAS,L
850,HOU,31,2014-12-31,Home,CHO,W
851,HOU,32,2015-01-02,Away,NOP,L
852,HOU,33,2015-01-03,Home,MIA,W
853,HOU,34,2015-01-05,Away,CHI,L
854,HOU,35,2015-01-07,Away,CLE,W
855,HOU,36,2015-01-08,Away,NYK,W
856,HOU,37,2015-01-10,Home,UTA,W
857,HOU,38,2015-01-12,Away,BRK,W
858,HOU,39,2015-01-14,Away,ORL,L
859,HOU,40,2015-01-15,Home,OKC,W
860,HOU,41,2015-01-17,Home,GSW,L
861,HOU,42,2015-01-19,Home,IND,W
862,HOU,43,2015-01-21,Away,GSW,L
863,HOU,44,2015-01-23,Away,PHO,W
864,HOU,45,2015-01-25,Away,LAL,W
865,HOU,46,2015-01-28,Home,DAL,W
866,HOU,47,2015-01-30,Away,BOS,W
867,HOU,48,2015-01-31,Away,DET,L
868,HOU,49,2015-02-04,Home,CHI,W
869,HOU,50,2015-02-06,Home,MIL,W
870,HOU,51,2015-02-08,Home,POR,L
871,HOU,52,2015-02-10,Away,PHO,W
872,HOU,53,2015-02-11,Away,LAC,L
873,HOU,54,2015-02-20,Away,DAL,L
874,HOU,55,2015-02-21,Home,TOR,W
875,HOU,56,2015-02-23,Home,MIN,W
876,HOU,57,2015-02-25,Home,LAC,W
877,HOU,58,2015-02-27,Home,BRK,W
878,HOU,59,2015-03-01,Home,CLE,W
879,HOU,60,2015-03-03,Away,ATL,L
880,HOU,61,2015-03-04,Home,MEM,L
881,HOU,62,2015-03-06,Home,DET,W
882,HOU,63,2015-03-07,Away,DEN,W
883,HOU,64,2015-03-11,Away,POR,L
884,HOU,65,2015-03-12,Away,UTA,L
885,HOU,66,2015-03-15,Away,LAC,W
886,HOU,67,2015-03-17,Home,ORL,W
887,HOU,68,2015-03-19,Home,DEN,W
888,HOU,69,2015-03-21,Home,PHO,L
889,HOU,70,2015-03-23,Away,IND,W
890,HOU,71,2015-03-25,Away,NOP,W
891,HOU,72,2015-03-27,Home,MIN,W
892,HOU,73,2015-03-29,Away,WAS,W
893,HOU,74,2015-03-30,Away,TOR,L
894,HOU,75,2015-04-01,Home,SAC,W
895,HOU,76,2015-04-02,Away,DAL,W
896,HOU,77,2015-04-05,Away,OKC,W
897,HOU,78,2015-04-08,Away,SAS,L
898,HOU,79,2015-04-10,Home,SAS,L
899,HOU,80,2015-04-12,Home,NOP,W
900,HOU,81,2015-04-13,Away,CHO,W
901,HOU,82,2015-04-15,Home,UTA,W
902,IND,1,2014-10-29,Home,PHI,W
903,IND,2,2014-10-31,Home,MEM,L
904,IND,3,2014-11-01,Away,ATL,L
905,IND,4,2014-11-04,Home,MIL,L
906,IND,5,2014-11-05,Away,WAS,L
907,IND,6,2014-11-07,Away,BOS,L
908,IND,7,2014-11-08,Home,WAS,L
909,IND,8,2014-11-10,Home,UTA,W
910,IND,9,2014-11-12,Away,MIA,W
911,IND,10,2014-11-14,Home,DEN,L
912,IND,11,2014-11-15,Away,CHI,W
913,IND,12,2014-11-19,Home,CHO,W
914,IND,13,2014-11-22,Home,PHO,L
915,IND,14,2014-11-24,Away,DAL,W
916,IND,15,2014-11-26,Away,SAS,L
917,IND,16,2014-11-28,Home,ORL,W
918,IND,17,2014-11-29,Away,CLE,L
919,IND,18,2014-12-02,Away,PHO,L
920,IND,19,2014-12-04,Away,POR,L
921,IND,20,2014-12-05,Away,SAC,L
922,IND,21,2014-12-08,Home,ATL,L
923,IND,22,2014-12-10,Home,LAC,L
924,IND,23,2014-12-12,Away,TOR,L
925,IND,24,2014-12-13,Home,POR,L
926,IND,25,2014-12-15,Home,LAL,W
927,IND,26,2014-12-17,Away,LAC,L
928,IND,27,2014-12-20,Away,DEN,L
929,IND,28,2014-12-21,Away,MIN,W
930,IND,29,2014-12-23,Home,NOP,W
931,IND,30,2014-12-26,Away,DET,L
932,IND,31,2014-12-27,Away,BRK,W
933,IND,32,2014-12-29,Home,CHI,L
934,IND,33,2014-12-31,Home,MIA,W
935,IND,34,2015-01-02,Away,MIL,W
936,IND,35,2015-01-04,Away,LAL,L
937,IND,36,2015-01-05,Away,UTA,W
938,IND,37,2015-01-07,Away,GSW,L
939,IND,38,2015-01-09,Home,BOS,W
940,IND,39,2015-01-10,Away,PHI,L
941,IND,40,2015-01-13,Home,MIN,L
942,IND,41,2015-01-16,Home,DET,L
943,IND,42,2015-01-17,Away,CHO,L
944,IND,43,2015-01-19,Away,HOU,L
945,IND,44,2015-01-21,Away,ATL,L
946,IND,45,2015-01-23,Away,MIA,L
947,IND,46,2015-01-25,Away,ORL,W
948,IND,47,2015-01-27,Home,TOR,L
949,IND,48,2015-01-29,Home,NYK,W
950,IND,49,2015-01-31,Home,SAC,L
951,IND,50,2015-02-04,Home,DET,W
952,IND,51,2015-02-06,Home,CLE,W
953,IND,52,2015-02-08,Away,CHO,W
954,IND,53,2015-02-09,Home,SAS,L
955,IND,54,2015-02-11,Away,NOP,W
956,IND,55,2015-02-20,Away,PHI,W
957,IND,56,2015-02-22,Home,GSW,W
958,IND,57,2015-02-24,Away,OKC,L
959,IND,58,2015-02-27,Home,CLE,W
960,IND,59,2015-03-01,Home,PHI,W
961,IND,60,2015-03-04,Home,NYK,W
962,IND,61,2015-03-06,Home,CHI,W
963,IND,62,2015-03-07,Away,NYK,W
964,IND,63,2015-03-10,Home,ORL,W
965,IND,64,2015-03-12,Home,MIL,W
966,IND,65,2015-03-14,Home,BOS,L
967,IND,66,2015-03-16,Home,TOR,L
968,IND,67,2015-03-18,Away,CHI,L
969,IND,68,2015-03-20,Away,CLE,L
970,IND,69,2015-03-21,Home,BRK,L
971,IND,70,2015-03-23,Home,HOU,L
972,IND,71,2015-03-25,Away,WAS,W
973,IND,72,2015-03-26,Away,MIL,L
974,IND,73,2015-03-29,Home,DAL,W
975,IND,74,2015-03-31,Away,BRK,L
976,IND,75,2015-04-01,Away,BOS,L
977,IND,76,2015-04-03,Home,CHO,W
978,IND,77,2015-04-05,Home,MIA,W
979,IND,78,2015-04-08,Away,NYK,W
980,IND,79,2015-04-10,Away,DET,W
981,IND,80,2015-04-12,Home,OKC,W
982,IND,81,2015-04-14,Home,WAS,W
983,IND,82,2015-04-15,Away,MEM,L
984,LAC,1,2014-10-30,Home,OKC,W
985,LAC,2,2014-10-31,Away,LAL,W
986,LAC,3,2014-11-02,Home,SAC,L
987,LAC,4,2014-11-03,Home,UTA,W
988,LAC,5,2014-11-05,Away,GSW,L
989,LAC,6,2014-11-08,Home,POR,W
990,LAC,7,2014-11-10,Home,SAS,L
991,LAC,8,2014-11-15,Home,PHO,W
992,LAC,9,2014-11-17,Home,CHI,L
993,LAC,10,2014-11-19,Away,ORL,W
994,LAC,11,2014-11-20,Away,MIA,W
995,LAC,12,2014-11-23,Away,MEM,L
996,LAC,13,2014-11-24,Away,CHO,W
997,LAC,14,2014-11-26,Away,DET,W
998,LAC,15,2014-11-28,Away,HOU,W
999,LAC,16,2014-11-29,Away,UTA,W
1000,LAC,17,2014-12-01,Home,MIN,W
1001,LAC,18,2014-12-03,Home,ORL,W
1002,LAC,19,2014-12-06,Home,NOP,W
1003,LAC,20,2014-12-08,Home,PHO,W
1004,LAC,21,2014-12-10,Away,IND,W
1005,LAC,22,2014-12-12,Away,WAS,L
1006,LAC,23,2014-12-13,Away,MIL,L
1007,LAC,24,2014-12-15,Home,DET,W
1008,LAC,25,2014-12-17,Home,IND,W
1009,LAC,26,2014-12-19,Away,DEN,L
1010,LAC,27,2014-12-20,Home,MIL,W
1011,LAC,28,2014-12-22,Away,SAS,L
1012,LAC,29,2014-12-23,Away,ATL,L
1013,LAC,30,2014-12-25,Home,GSW,W
1014,LAC,31,2014-12-27,Home,TOR,L
1015,LAC,32,2014-12-29,Home,UTA,W
1016,LAC,33,2014-12-31,Home,NYK,W
1017,LAC,34,2015-01-03,Home,PHI,W
1018,LAC,35,2015-01-05,Home,ATL,L
1019,LAC,36,2015-01-07,Home,LAL,W
1020,LAC,37,2015-01-10,Home,DAL,W
1021,LAC,38,2015-01-11,Home,MIA,L
1022,LAC,39,2015-01-14,Away,POR,W
1023,LAC,40,2015-01-16,Home,CLE,L
1024,LAC,41,2015-01-17,Away,SAC,W
1025,LAC,42,2015-01-19,Home,BOS,W
1026,LAC,43,2015-01-22,Home,BRK,W
1027,LAC,44,2015-01-25,Away,PHO,W
1028,LAC,45,2015-01-26,Home,DEN,W
1029,LAC,46,2015-01-28,Away,UTA,W
1030,LAC,47,2015-01-30,Away,NOP,L
1031,LAC,48,2015-01-31,Away,SAS,W
1032,LAC,49,2015-02-02,Away,BRK,L
1033,LAC,50,2015-02-05,Away,CLE,L
1034,LAC,51,2015-02-06,Away,TOR,L
1035,LAC,52,2015-02-08,Away,OKC,L
1036,LAC,53,2015-02-09,Away,DAL,W
1037,LAC,54,2015-02-11,Home,HOU,W
1038,LAC,55,2015-02-19,Home,SAS,W
1039,LAC,56,2015-02-21,Home,SAC,W
1040,LAC,57,2015-02-23,Home,MEM,L
1041,LAC,58,2015-02-25,Away,HOU,L
1042,LAC,59,2015-02-27,Away,MEM,W
1043,LAC,60,2015-03-01,Away,CHI,W
1044,LAC,61,2015-03-02,Away,MIN,W
1045,LAC,62,2015-03-04,Home,POR,L
1046,LAC,63,2015-03-08,Away,GSW,L
1047,LAC,64,2015-03-09,Home,MIN,W
1048,LAC,65,2015-03-11,Away,OKC,W
1049,LAC,66,2015-03-13,Away,DAL,L
1050,LAC,67,2015-03-15,Home,HOU,L
1051,LAC,68,2015-03-17,Home,CHO,W
1052,LAC,69,2015-03-18,Away,SAC,W
1053,LAC,70,2015-03-20,Home,WAS,W
1054,LAC,71,2015-03-22,Home,NOP,W
1055,LAC,72,2015-03-25,Away,NYK,W
1056,LAC,73,2015-03-27,Away,PHI,W
1057,LAC,74,2015-03-29,Away,BOS,W
1058,LAC,75,2015-03-31,Home,GSW,L
1059,LAC,76,2015-04-01,Away,POR,W
1060,LAC,77,2015-04-04,Away,DEN,W
1061,LAC,78,2015-04-05,Away,LAL,W
1062,LAC,79,2015-04-07,Home,LAL,W
1063,LAC,80,2015-04-11,Home,MEM,W
1064,LAC,81,2015-04-13,Home,DEN,W
1065,LAC,82,2015-04-14,Away,PHO,W
1066,LAL,1,2014-10-28,Home,HOU,L
1067,LAL,2,2014-10-29,Away,PHO,L
1068,LAL,3,2014-10-31,Home,LAC,L
1069,LAL,4,2014-11-01,Away,GSW,L
1070,LAL,5,2014-11-04,Home,PHO,L
1071,LAL,6,2014-11-09,Home,CHO,W
1072,LAL,7,2014-11-11,Away,MEM,L
1073,LAL,8,2014-11-12,Away,NOP,L
1074,LAL,9,2014-11-14,Home,SAS,L
1075,LAL,10,2014-11-16,Home,GSW,L
1076,LAL,11,2014-11-18,Away,ATL,W
1077,LAL,12,2014-11-19,Away,HOU,W
1078,LAL,13,2014-11-21,Away,DAL,L
1079,LAL,14,2014-11-23,Home,DEN,L
1080,LAL,15,2014-11-26,Home,MEM,L
1081,LAL,16,2014-11-28,Home,MIN,L
1082,LAL,17,2014-11-30,Home,TOR,W
1083,LAL,18,2014-12-02,Away,DET,W
1084,LAL,19,2014-12-03,Away,WAS,L
1085,LAL,20,2014-12-05,Away,BOS,L
1086,LAL,21,2014-12-07,Home,NOP,L
1087,LAL,22,2014-12-09,Home,SAC,W
1088,LAL,23,2014-12-12,Away,SAS,W
1089,LAL,24,2014-12-14,Away,MIN,W
1090,LAL,25,2014-12-15,Away,IND,L
1091,LAL,26,2014-12-19,Home,OKC,L
1092,LAL,27,2014-12-21,Away,SAC,L
1093,LAL,28,2014-12-23,Home,GSW,W
1094,LAL,29,2014-12-25,Away,CHI,L
1095,LAL,30,2014-12-26,Away,DAL,L
1096,LAL,31,2014-12-28,Home,PHO,L
1097,LAL,32,2014-12-30,Away,DEN,W
1098,LAL,33,2015-01-02,Home,MEM,L
1099,LAL,34,2015-01-04,Home,IND,W
1100,LAL,35,2015-01-05,Away,POR,L
1101,LAL,36,2015-01-07,Away,LAC,L
1102,LAL,37,2015-01-09,Home,ORL,W
1103,LAL,38,2015-01-11,Home,POR,L
1104,LAL,39,2015-01-13,Home,MIA,L
1105,LAL,40,2015-01-15,Home,CLE,L
1106,LAL,41,2015-01-16,Away,UTA,L
1107,LAL,42,2015-01-19,Away,PHO,L
1108,LAL,43,2015-01-21,Away,NOP,L
1109,LAL,44,2015-01-23,Away,SAS,L
1110,LAL,45,2015-01-25,Home,HOU,L
1111,LAL,46,2015-01-27,Home,WAS,L
1112,LAL,47,2015-01-29,Home,CHI,W
1113,LAL,48,2015-02-01,Away,NYK,L
1114,LAL,49,2015-02-04,Away,MIL,L
1115,LAL,50,2015-02-06,Away,ORL,L
1116,LAL,51,2015-02-08,Away,CLE,L
1117,LAL,52,2015-02-10,Home,DEN,L
1118,LAL,53,2015-02-11,Away,POR,L
1119,LAL,54,2015-02-20,Home,BRK,L
1120,LAL,55,2015-02-22,Home,BOS,W
1121,LAL,56,2015-02-25,Away,UTA,W
1122,LAL,57,2015-02-27,Home,MIL,W
1123,LAL,58,2015-03-01,Home,OKC,L
1124,LAL,59,2015-03-03,Away,CHO,L
1125,LAL,60,2015-03-04,Away,MIA,L
1126,LAL,61,2015-03-06,Away,MEM,L
1127,LAL,62,2015-03-08,Home,DAL,L
1128,LAL,63,2015-03-10,Home,DET,W
1129,LAL,64,2015-03-12,Home,NYK,L
1130,LAL,65,2015-03-15,Home,ATL,L
1131,LAL,66,2015-03-16,Away,GSW,L
1132,LAL,67,2015-03-19,Home,UTA,L
1133,LAL,68,2015-03-22,Home,PHI,W
1134,LAL,69,2015-03-24,Away,OKC,L
1135,LAL,70,2015-03-25,Away,MIN,W
1136,LAL,71,2015-03-27,Away,TOR,L
1137,LAL,72,2015-03-29,Away,BRK,L
1138,LAL,73,2015-03-30,Away,PHI,W
1139,LAL,74,2015-04-01,Home,NOP,L
1140,LAL,75,2015-04-03,Home,POR,L
1141,LAL,76,2015-04-05,Home,LAC,L
1142,LAL,77,2015-04-07,Away,LAC,L
1143,LAL,78,2015-04-08,Away,DEN,L
1144,LAL,79,2015-04-10,Home,MIN,W
1145,LAL,80,2015-04-12,Home,DAL,L
1146,LAL,81,2015-04-13,Away,SAC,L
1147,LAL,82,2015-04-15,Home,SAC,L
1148,MEM,1,2014-10-29,Home,MIN,W
1149,MEM,2,2014-10-31,Away,IND,W
1150,MEM,3,2014-11-01,Away,CHO,W
1151,MEM,4,2014-11-03,Home,NOP,W
1152,MEM,5,2014-11-05,Away,PHO,W
1153,MEM,6,2014-11-07,Away,OKC,W
1154,MEM,7,2014-11-08,Away,MIL,L
1155,MEM,8,2014-11-11,Home,LAL,W
1156,MEM,9,2014-11-13,Home,SAC,W
1157,MEM,10,2014-11-15,Home,DET,W
1158,MEM,11,2014-11-17,Home,HOU,W
1159,MEM,12,2014-11-19,Away,TOR,L
1160,MEM,13,2014-11-21,Home,BOS,W
1161,MEM,14,2014-11-23,Home,LAC,W
1162,MEM,15,2014-11-26,Away,LAL,W
1163,MEM,16,2014-11-28,Away,POR,W
1164,MEM,17,2014-11-30,Away,SAC,W
1165,MEM,18,2014-12-03,Away,HOU,L
1166,MEM,19,2014-12-05,Home,SAS,L
1167,MEM,20,2014-12-07,Home,MIA,W
1168,MEM,21,2014-12-09,Home,DAL,W
1169,MEM,22,2014-12-12,Home,CHO,W
1170,MEM,23,2014-12-13,Away,PHI,W
1171,MEM,24,2014-12-16,Home,GSW,W
1172,MEM,25,2014-12-17,Away,SAS,W
1173,MEM,26,2014-12-19,Home,CHI,L
1174,MEM,27,2014-12-21,Away,CLE,L
1175,MEM,28,2014-12-22,Home,UTA,L
1176,MEM,29,2014-12-26,Home,HOU,L
1177,MEM,30,2014-12-27,Away,MIA,W
1178,MEM,31,2014-12-30,Home,SAS,W
1179,MEM,32,2015-01-02,Away,LAL,W
1180,MEM,33,2015-01-03,Away,DEN,L
1181,MEM,34,2015-01-05,Home,NYK,W
1182,MEM,35,2015-01-07,Away,ATL,L
1183,MEM,36,2015-01-09,Away,NOP,L
1184,MEM,37,2015-01-11,Home,PHO,W
1185,MEM,38,2015-01-14,Away,BRK,W
1186,MEM,39,2015-01-16,Away,ORL,W
1187,MEM,40,2015-01-17,Home,POR,W
1188,MEM,41,2015-01-19,Home,DAL,L
1189,MEM,42,2015-01-21,Home,TOR,W
1190,MEM,43,2015-01-24,Home,PHI,W
1191,MEM,44,2015-01-26,Home,ORL,W
1192,MEM,45,2015-01-27,Away,DAL,W
1193,MEM,46,2015-01-29,Home,DEN,W
1194,MEM,47,2015-01-31,Home,OKC,W
1195,MEM,48,2015-02-02,Away,PHO,W
1196,MEM,49,2015-02-04,Away,UTA,W
1197,MEM,50,2015-02-06,Away,MIN,L
1198,MEM,51,2015-02-08,Home,ATL,W
1199,MEM,52,2015-02-10,Home,BRK,W
1200,MEM,53,2015-02-11,Away,OKC,L
1201,MEM,54,2015-02-22,Away,POR,W
1202,MEM,55,2015-02-23,Away,LAC,W
1203,MEM,56,2015-02-25,Away,SAC,L
1204,MEM,57,2015-02-27,Home,LAC,L
1205,MEM,58,2015-02-28,Away,MIN,W
1206,MEM,59,2015-03-03,Home,UTA,L
1207,MEM,60,2015-03-04,Away,HOU,W
1208,MEM,61,2015-03-06,Home,LAL,W
1209,MEM,62,2015-03-07,Away,NOP,L
1210,MEM,63,2015-03-09,Away,CHI,W
1211,MEM,64,2015-03-11,Away,BOS,L
1212,MEM,65,2015-03-12,Away,WAS,L
1213,MEM,66,2015-03-14,Home,MIL,W
1214,MEM,67,2015-03-16,Home,DEN,W
1215,MEM,68,2015-03-17,Away,DET,L
1216,MEM,69,2015-03-20,Away,DAL,W
1217,MEM,70,2015-03-21,Home,POR,W
1218,MEM,71,2015-03-23,Away,NYK,W
1219,MEM,72,2015-03-25,Home,CLE,L
1220,MEM,73,2015-03-27,Home,GSW,L
1221,MEM,74,2015-03-29,Away,SAS,L
1222,MEM,75,2015-03-30,Home,SAC,W
1223,MEM,76,2015-04-03,Home,OKC,W
1224,MEM,77,2015-04-04,Home,WAS,L
1225,MEM,78,2015-04-08,Home,NOP,W
1226,MEM,79,2015-04-10,Away,UTA,W
1227,MEM,80,2015-04-11,Away,LAC,L
1228,MEM,81,2015-04-13,Away,GSW,L
1229,MEM,82,2015-04-15,Home,IND,W
1230,MIA,1,2014-10-29,Home,WAS,W
1231,MIA,2,2014-11-01,Away,PHI,W
1232,MIA,3,2014-11-02,Home,TOR,W
1233,MIA,4,2014-11-04,Home,HOU,L
1234,MIA,5,2014-11-05,Away,CHO,L
1235,MIA,6,2014-11-08,Home,MIN,W
1236,MIA,7,2014-11-09,Away,DAL,W
1237,MIA,8,2014-11-12,Home,IND,L
1238,MIA,9,2014-11-14,Away,ATL,L
1239,MIA,10,2014-11-16,Home,MIL,L
1240,MIA,11,2014-11-17,Away,BRK,W
1241,MIA,12,2014-11-20,Home,LAC,L
1242,MIA,13,2014-11-22,Away,ORL,W
1243,MIA,14,2014-11-23,Home,CHO,W
1244,MIA,15,2014-11-25,Home,GSW,L
1245,MIA,16,2014-11-30,Away,NYK,W
1246,MIA,17,2014-12-01,Away,WAS,L
1247,MIA,18,2014-12-03,Home,ATL,L
1248,MIA,19,2014-12-05,Away,MIL,L
1249,MIA,20,2014-12-07,Away,MEM,L
1250,MIA,21,2014-12-09,Away,PHO,W
1251,MIA,22,2014-12-10,Away,DEN,L
1252,MIA,23,2014-12-12,Away,UTA,W
1253,MIA,24,2014-12-14,Home,CHI,L
1254,MIA,25,2014-12-16,Away,BRK,W
1255,MIA,26,2014-12-17,Home,UTA,L
1256,MIA,27,2014-12-19,Home,WAS,L
1257,MIA,28,2014-12-21,Home,BOS,W
1258,MIA,29,2014-12-23,Home,PHI,L
1259,MIA,30,2014-12-25,Home,CLE,W
1260,MIA,31,2014-12-27,Home,MEM,L
1261,MIA,32,2014-12-29,Home,ORL,L
1262,MIA,33,2014-12-31,Away,IND,L
1263,MIA,34,2015-01-03,Away,HOU,L
1264,MIA,35,2015-01-04,Home,BRK,W
1265,MIA,36,2015-01-08,Away,POR,L
1266,MIA,37,2015-01-11,Away,LAC,W
1267,MIA,38,2015-01-13,Away,LAL,W
1268,MIA,39,2015-01-14,Away,GSW,L
1269,MIA,40,2015-01-16,Away,SAC,W
1270,MIA,41,2015-01-20,Home,OKC,L
1271,MIA,42,2015-01-21,Away,CHO,L
1272,MIA,43,2015-01-23,Home,IND,W
1273,MIA,44,2015-01-25,Away,CHI,W
1274,MIA,45,2015-01-27,Home,MIL,L
1275,MIA,46,2015-01-30,Home,DAL,L
1276,MIA,47,2015-02-01,Away,BOS,W
1277,MIA,48,2015-02-03,Away,DET,L
1278,MIA,49,2015-02-04,Away,MIN,L
1279,MIA,50,2015-02-06,Away,SAS,L
1280,MIA,51,2015-02-09,Home,NYK,W
1281,MIA,52,2015-02-11,Away,CLE,L
1282,MIA,53,2015-02-20,Away,NYK,W
1283,MIA,54,2015-02-21,Home,NOP,L
1284,MIA,55,2015-02-23,Home,PHI,W
1285,MIA,56,2015-02-25,Away,ORL,W
1286,MIA,57,2015-02-27,Away,NOP,L
1287,MIA,58,2015-02-28,Home,ATL,L
1288,MIA,59,2015-03-02,Home,PHO,W
1289,MIA,60,2015-03-04,Home,LAL,W
1290,MIA,61,2015-03-06,Away,WAS,L
1291,MIA,62,2015-03-07,Home,SAC,W
1292,MIA,63,2015-03-09,Home,BOS,L
1293,MIA,64,2015-03-11,Home,BRK,W
1294,MIA,65,2015-03-13,Away,TOR,L
1295,MIA,66,2015-03-16,Home,CLE,W
1296,MIA,67,2015-03-18,Home,POR,W
1297,MIA,68,2015-03-20,Home,DEN,W
1298,MIA,69,2015-03-22,Away,OKC,L
1299,MIA,70,2015-03-24,Away,MIL,L
1300,MIA,71,2015-03-25,Away,BOS,W
1301,MIA,72,2015-03-27,Away,ATL,L
1302,MIA,73,2015-03-29,Home,DET,W
1303,MIA,74,2015-03-31,Home,SAS,L
1304,MIA,75,2015-04-02,Away,CLE,L
1305,MIA,76,2015-04-04,Away,DET,L
1306,MIA,77,2015-04-05,Away,IND,L
1307,MIA,78,2015-04-07,Home,CHO,W
1308,MIA,79,2015-04-09,Home,CHI,L
1309,MIA,80,2015-04-11,Home,TOR,L
1310,MIA,81,2015-04-13,Home,ORL,W
1311,MIA,82,2015-04-15,Away,PHI,W
1312,MIL,1,2014-10-29,Away,CHO,L
1313,MIL,2,2014-10-31,Home,PHI,W
1314,MIL,3,2014-11-01,Away,WAS,L
1315,MIL,4,2014-11-04,Away,IND,W
1316,MIL,5,2014-11-05,Home,CHI,L
1317,MIL,6,2014-11-07,Away,DET,L
1318,MIL,7,2014-11-08,Home,MEM,W
1319,MIL,8,2014-11-11,Home,OKC,W
1320,MIL,9,2014-11-14,Away,ORL,L
1321,MIL,10,2014-11-16,Away,MIA,W
1322,MIL,11,2014-11-18,Home,NYK,W
1323,MIL,12,2014-11-19,Away,BRK,W
1324,MIL,13,2014-11-21,Away,TOR,L
1325,MIL,14,2014-11-22,Home,WAS,L
1326,MIL,15,2014-11-25,Home,DET,W
1327,MIL,16,2014-11-26,Away,MIN,W
1328,MIL,17,2014-11-28,Away,DET,W
1329,MIL,18,2014-11-29,Home,HOU,L
1330,MIL,19,2014-12-02,Away,CLE,L
1331,MIL,20,2014-12-03,Home,DAL,L
1332,MIL,21,2014-12-05,Home,MIA,W
1333,MIL,22,2014-12-07,Away,DAL,L
1334,MIL,23,2014-12-09,Away,OKC,L
1335,MIL,24,2014-12-13,Home,LAC,W
1336,MIL,25,2014-12-15,Away,PHO,W
1337,MIL,26,2014-12-17,Away,POR,L
1338,MIL,27,2014-12-18,Away,SAC,W
1339,MIL,28,2014-12-20,Away,LAC,L
1340,MIL,29,2014-12-23,Home,CHO,L
1341,MIL,30,2014-12-26,Away,ATL,W
1342,MIL,31,2014-12-27,Home,ATL,L
1343,MIL,32,2014-12-29,Away,CHO,W
1344,MIL,33,2014-12-31,Away,CLE,W
1345,MIL,34,2015-01-02,Home,IND,L
1346,MIL,35,2015-01-04,Away,NYK,W
1347,MIL,36,2015-01-06,Home,PHO,L
1348,MIL,37,2015-01-07,Away,PHI,W
1349,MIL,38,2015-01-09,Home,MIN,W
1350,MIL,39,2015-01-10,Away,CHI,L
1351,MIL,40,2015-01-15,Home,NYK,W
1352,MIL,41,2015-01-19,Home,TOR,L
1353,MIL,42,2015-01-22,Home,UTA,L
1354,MIL,43,2015-01-24,Home,DET,W
1355,MIL,44,2015-01-25,Away,SAS,L
1356,MIL,45,2015-01-27,Away,MIA,W
1357,MIL,46,2015-01-29,Away,ORL,W
1358,MIL,47,2015-01-31,Home,POR,W
1359,MIL,48,2015-02-02,Away,TOR,W
1360,MIL,49,2015-02-04,Home,LAL,W
1361,MIL,50,2015-02-06,Away,HOU,L
1362,MIL,51,2015-02-07,Home,BOS,W
1363,MIL,52,2015-02-09,Home,BRK,W
1364,MIL,53,2015-02-11,Home,SAC,W
1365,MIL,54,2015-02-20,Home,DEN,W
1366,MIL,55,2015-02-22,Home,ATL,L
1367,MIL,56,2015-02-23,Away,CHI,L
1368,MIL,57,2015-02-25,Home,PHI,W
1369,MIL,58,2015-02-27,Away,LAL,L
1370,MIL,59,2015-02-28,Away,UTA,L
1371,MIL,60,2015-03-03,Away,DEN,L
1372,MIL,61,2015-03-04,Away,GSW,L
1373,MIL,62,2015-03-07,Home,WAS,W
1374,MIL,63,2015-03-09,Home,NOP,L
1375,MIL,64,2015-03-11,Home,ORL,W
1376,MIL,65,2015-03-12,Away,IND,L
1377,MIL,66,2015-03-14,Away,MEM,L
1378,MIL,67,2015-03-17,Away,NOP,L
1379,MIL,68,2015-03-18,Home,SAS,L
1380,MIL,69,2015-03-20,Away,BRK,L
1381,MIL,70,2015-03-22,Home,CLE,L
1382,MIL,71,2015-03-24,Home,MIA,W
1383,MIL,72,2015-03-26,Home,IND,W
1384,MIL,73,2015-03-28,Home,GSW,L
1385,MIL,74,2015-03-30,Away,ATL,L
1386,MIL,75,2015-04-01,Home,CHI,W
1387,MIL,76,2015-04-03,Away,BOS,W
1388,MIL,77,2015-04-04,Home,ORL,L
1389,MIL,78,2015-04-08,Home,CLE,L
1390,MIL,79,2015-04-10,Away,NYK,W
1391,MIL,80,2015-04-12,Home,BRK,W
1392,MIL,81,2015-04-13,Away,PHI,W
1393,MIL,82,2015-04-15,Home,BOS,L
1394,MIN,1,2014-10-29,Away,MEM,L
1395,MIN,2,2014-10-30,Home,DET,W
1396,MIN,3,2014-11-01,Home,CHI,L
1397,MIN,4,2014-11-05,Away,BRK,W
1398,MIN,5,2014-11-07,Away,ORL,L
1399,MIN,6,2014-11-08,Away,MIA,L
1400,MIN,7,2014-11-12,Home,HOU,L
1401,MIN,8,2014-11-14,Away,NOP,L
1402,MIN,9,2014-11-15,Away,DAL,L
1403,MIN,10,2014-11-19,Home,NYK,W
1404,MIN,11,2014-11-21,Home,SAS,L
1405,MIN,12,2014-11-22,Home,SAC,L
1406,MIN,13,2014-11-26,Home,MIL,L
1407,MIN,14,2014-11-28,Away,LAL,W
1408,MIN,15,2014-11-30,Away,POR,L
1409,MIN,16,2014-12-01,Away,LAC,L
1410,MIN,17,2014-12-03,Home,PHI,L
1411,MIN,18,2014-12-05,Home,HOU,L
1412,MIN,19,2014-12-06,Away,SAS,L
1413,MIN,20,2014-12-08,Home,GSW,L
1414,MIN,21,2014-12-10,Home,POR,W
1415,MIN,22,2014-12-12,Home,OKC,L
1416,MIN,23,2014-12-14,Home,LAL,L
1417,MIN,24,2014-12-16,Away,WAS,L
1418,MIN,25,2014-12-19,Away,BOS,L
1419,MIN,26,2014-12-21,Home,IND,L
1420,MIN,27,2014-12-23,Away,CLE,L
1421,MIN,28,2014-12-26,Away,DEN,L
1422,MIN,29,2014-12-27,Away,GSW,L
1423,MIN,30,2014-12-30,Away,UTA,L
1424,MIN,31,2015-01-01,Home,SAC,L
1425,MIN,32,2015-01-03,Home,UTA,L
1426,MIN,33,2015-01-05,Home,DEN,L
1427,MIN,34,2015-01-07,Home,PHO,L
1428,MIN,35,2015-01-09,Away,MIL,L
1429,MIN,36,2015-01-10,Home,SAS,L
1430,MIN,37,2015-01-13,Away,IND,W
1431,MIN,38,2015-01-16,Away,PHO,L
1432,MIN,39,2015-01-17,Away,DEN,W
1433,MIN,40,2015-01-19,Away,CHO,L
1434,MIN,41,2015-01-21,Home,DAL,L
1435,MIN,42,2015-01-23,Home,NOP,L
1436,MIN,43,2015-01-25,Away,ATL,L
1437,MIN,44,2015-01-26,Away,OKC,L
1438,MIN,45,2015-01-28,Home,BOS,W
1439,MIN,46,2015-01-30,Away,PHI,L
1440,MIN,47,2015-01-31,Home,CLE,L
1441,MIN,48,2015-02-02,Away,DAL,L
1442,MIN,49,2015-02-04,Home,MIA,W
1443,MIN,50,2015-02-06,Home,MEM,W
1444,MIN,51,2015-02-08,Away,DET,W
1445,MIN,52,2015-02-09,Home,ATL,L
1446,MIN,53,2015-02-11,Home,GSW,L
1447,MIN,54,2015-02-20,Home,PHO,W
1448,MIN,55,2015-02-23,Away,HOU,L
1449,MIN,56,2015-02-25,Home,WAS,W
1450,MIN,57,2015-02-27,Away,CHI,L
1451,MIN,58,2015-02-28,Home,MEM,L
1452,MIN,59,2015-03-02,Home,LAC,L
1453,MIN,60,2015-03-04,Home,DEN,L
1454,MIN,61,2015-03-07,Home,POR,W
1455,MIN,62,2015-03-09,Away,LAC,L
1456,MIN,63,2015-03-11,Away,PHO,L
1457,MIN,64,2015-03-13,Away,OKC,L
1458,MIN,65,2015-03-15,Away,SAS,L
1459,MIN,66,2015-03-16,Home,BRK,L
1460,MIN,67,2015-03-18,Away,TOR,L
1461,MIN,68,2015-03-19,Away,NYK,W
1462,MIN,69,2015-03-22,Home,CHO,L
1463,MIN,70,2015-03-23,Away,UTA,W
1464,MIN,71,2015-03-25,Home,LAL,L
1465,MIN,72,2015-03-27,Away,HOU,L
1466,MIN,73,2015-03-29,Away,NOP,L
1467,MIN,74,2015-03-30,Home,UTA,L
1468,MIN,75,2015-04-01,Home,TOR,L
1469,MIN,76,2015-04-03,Home,ORL,L
1470,MIN,77,2015-04-07,Away,SAC,L
1471,MIN,78,2015-04-08,Away,POR,L
1472,MIN,79,2015-04-10,Away,LAL,L
1473,MIN,80,2015-04-11,Away,GSW,L
1474,MIN,81,2015-04-13,Home,NOP,L
1475,MIN,82,2015-04-15,Home,OKC,L
1476,NOP,1,2014-10-28,Home,ORL,W
1477,NOP,2,2014-11-01,Home,DAL,L
1478,NOP,3,2014-11-03,Away,MEM,L
1479,NOP,4,2014-11-04,Home,CHO,W
1480,NOP,5,2014-11-08,Away,SAS,W
1481,NOP,6,2014-11-10,Away,CLE,L
1482,NOP,7,2014-11-12,Home,LAL,W
1483,NOP,8,2014-11-14,Home,MIN,W
1484,NOP,9,2014-11-17,Away,POR,L
1485,NOP,10,2014-11-18,Away,SAC,W
1486,NOP,11,2014-11-21,Away,DEN,L
1487,NOP,12,2014-11-22,Away,UTA,W
1488,NOP,13,2014-11-25,Home,SAC,L
1489,NOP,14,2014-11-28,Away,ATL,L
1490,NOP,15,2014-11-29,Away,WAS,L
1491,NOP,16,2014-12-02,Home,OKC,W
1492,NOP,17,2014-12-04,Away,GSW,L
1493,NOP,18,2014-12-06,Away,LAC,L
1494,NOP,19,2014-12-07,Away,LAL,W
1495,NOP,20,2014-12-09,Home,NYK,W
1496,NOP,21,2014-12-10,Away,DAL,L
1497,NOP,22,2014-12-12,Home,CLE,W
1498,NOP,23,2014-12-14,Home,GSW,L
1499,NOP,24,2014-12-16,Home,UTA,W
1500,NOP,25,2014-12-18,Away,HOU,W
1501,NOP,26,2014-12-20,Home,POR,L
1502,NOP,27,2014-12-21,Away,OKC,W
1503,NOP,28,2014-12-23,Away,IND,L
1504,NOP,29,2014-12-26,Home,SAS,W
1505,NOP,30,2014-12-27,Away,CHI,L
1506,NOP,31,2014-12-30,Home,PHO,W
1507,NOP,32,2014-12-31,Away,SAS,L
1508,NOP,33,2015-01-02,Home,HOU,W
1509,NOP,34,2015-01-05,Home,WAS,L
1510,NOP,35,2015-01-07,Away,CHO,L
1511,NOP,36,2015-01-09,Home,MEM,W
1512,NOP,37,2015-01-12,Away,BOS,L
1513,NOP,38,2015-01-14,Away,DET,W
1514,NOP,39,2015-01-16,Away,PHI,L
1515,NOP,40,2015-01-18,Away,TOR,W
1516,NOP,41,2015-01-19,Away,NYK,L
1517,NOP,42,2015-01-21,Home,LAL,W
1518,NOP,43,2015-01-23,Away,MIN,W
1519,NOP,44,2015-01-25,Home,DAL,W
1520,NOP,45,2015-01-26,Home,PHI,W
1521,NOP,46,2015-01-28,Home,DEN,L
1522,NOP,47,2015-01-30,Home,LAC,W
1523,NOP,48,2015-02-02,Home,ATL,W
1524,NOP,49,2015-02-04,Home,OKC,L
1525,NOP,50,2015-02-06,Away,OKC,W
1526,NOP,51,2015-02-07,Home,CHI,L
1527,NOP,52,2015-02-09,Home,UTA,L
1528,NOP,53,2015-02-11,Home,IND,L
1529,NOP,54,2015-02-20,Away,ORL,L
1530,NOP,55,2015-02-21,Away,MIA,W
1531,NOP,56,2015-02-23,Home,TOR,W
1532,NOP,57,2015-02-25,Home,BRK,W
1533,NOP,58,2015-02-27,Home,MIA,W
1534,NOP,59,2015-03-01,Away,DEN,W
1535,NOP,60,2015-03-02,Away,DAL,L
1536,NOP,61,2015-03-04,Home,DET,W
1537,NOP,62,2015-03-06,Home,BOS,L
1538,NOP,63,2015-03-07,Home,MEM,W
1539,NOP,64,2015-03-09,Away,MIL,W
1540,NOP,65,2015-03-10,Away,BRK,W
1541,NOP,66,2015-03-15,Home,DEN,L
1542,NOP,67,2015-03-17,Home,MIL,W
1543,NOP,68,2015-03-19,Away,PHO,L
1544,NOP,69,2015-03-20,Away,GSW,L
1545,NOP,70,2015-03-22,Away,LAC,L
1546,NOP,71,2015-03-25,Home,HOU,L
1547,NOP,72,2015-03-27,Home,SAC,W
1548,NOP,73,2015-03-29,Home,MIN,W
1549,NOP,74,2015-04-01,Away,LAL,W
1550,NOP,75,2015-04-03,Away,SAC,W
1551,NOP,76,2015-04-04,Away,POR,L
1552,NOP,77,2015-04-07,Home,GSW,W
1553,NOP,78,2015-04-08,Away,MEM,L
1554,NOP,79,2015-04-10,Home,PHO,W
1555,NOP,80,2015-04-12,Away,HOU,L
1556,NOP,81,2015-04-13,Away,MIN,W
1557,NOP,82,2015-04-15,Home,SAS,W
1558,NYK,1,2014-10-29,Home,CHI,L
1559,NYK,2,2014-10-30,Away,CLE,W
1560,NYK,3,2014-11-02,Home,CHO,W
1561,NYK,4,2014-11-04,Home,WAS,L
1562,NYK,5,2014-11-05,Away,DET,L
1563,NYK,6,2014-11-07,Away,BRK,L
1564,NYK,7,2014-11-08,Away,ATL,L
1565,NYK,8,2014-11-10,Home,ATL,L
1566,NYK,9,2014-11-12,Home,ORL,L
1567,NYK,10,2014-11-14,Home,UTA,L
1568,NYK,11,2014-11-16,Home,DEN,W
1569,NYK,12,2014-11-18,Away,MIL,L
1570,NYK,13,2014-11-19,Away,MIN,L
1571,NYK,14,2014-11-22,Home,PHI,W
1572,NYK,15,2014-11-24,Away,HOU,L
1573,NYK,16,2014-11-26,Away,DAL,L
1574,NYK,17,2014-11-28,Away,OKC,L
1575,NYK,18,2014-11-30,Home,MIA,L
1576,NYK,19,2014-12-02,Home,BRK,L
1577,NYK,20,2014-12-04,Home,CLE,L
1578,NYK,21,2014-12-05,Away,CHO,L
1579,NYK,22,2014-12-07,Home,POR,L
1580,NYK,23,2014-12-09,Away,NOP,L
1581,NYK,24,2014-12-10,Away,SAS,L
1582,NYK,25,2014-12-12,Away,BOS,W
1583,NYK,26,2014-12-14,Home,TOR,L
1584,NYK,27,2014-12-16,Home,DAL,L
1585,NYK,28,2014-12-18,Away,CHI,L
1586,NYK,29,2014-12-20,Home,PHO,L
1587,NYK,30,2014-12-21,Away,TOR,L
1588,NYK,31,2014-12-25,Home,WAS,L
1589,NYK,32,2014-12-27,Away,SAC,L
1590,NYK,33,2014-12-28,Away,POR,L
1591,NYK,34,2014-12-31,Away,LAC,L
1592,NYK,35,2015-01-02,Home,DET,L
1593,NYK,36,2015-01-04,Home,MIL,L
1594,NYK,37,2015-01-05,Away,MEM,L
1595,NYK,38,2015-01-07,Away,WAS,L
1596,NYK,39,2015-01-08,Home,HOU,L
1597,NYK,40,2015-01-10,Home,CHO,L
1598,NYK,41,2015-01-15,Away,MIL,L
1599,NYK,42,2015-01-19,Home,NOP,W
1600,NYK,43,2015-01-21,Away,PHI,W
1601,NYK,44,2015-01-23,Home,ORL,W
1602,NYK,45,2015-01-24,Away,CHO,L
1603,NYK,46,2015-01-28,Home,OKC,W
1604,NYK,47,2015-01-29,Away,IND,L
1605,NYK,48,2015-02-01,Home,LAL,W
1606,NYK,49,2015-02-03,Home,BOS,L
1607,NYK,50,2015-02-06,Away,BRK,L
1608,NYK,51,2015-02-07,Home,GSW,L
1609,NYK,52,2015-02-09,Away,MIA,L
1610,NYK,53,2015-02-11,Away,ORL,L
1611,NYK,54,2015-02-20,Home,MIA,L
1612,NYK,55,2015-02-22,Home,CLE,L
1613,NYK,56,2015-02-25,Away,BOS,L
1614,NYK,57,2015-02-27,Away,DET,W
1615,NYK,58,2015-02-28,Home,TOR,W
1616,NYK,59,2015-03-03,Home,SAC,L
1617,NYK,60,2015-03-04,Away,IND,L
1618,NYK,61,2015-03-07,Home,IND,L
1619,NYK,62,2015-03-09,Away,DEN,L
1620,NYK,63,2015-03-10,Away,UTA,L
1621,NYK,64,2015-03-12,Away,LAL,W
1622,NYK,65,2015-03-14,Away,GSW,L
1623,NYK,66,2015-03-15,Away,PHO,L
1624,NYK,67,2015-03-17,Home,SAS,W
1625,NYK,68,2015-03-19,Home,MIN,L
1626,NYK,69,2015-03-20,Away,PHI,L
1627,NYK,70,2015-03-22,Away,TOR,L
1628,NYK,71,2015-03-23,Home,MEM,L
1629,NYK,72,2015-03-25,Home,LAC,L
1630,NYK,73,2015-03-27,Home,BOS,L
1631,NYK,74,2015-03-28,Away,CHI,L
1632,NYK,75,2015-04-01,Home,BRK,L
1633,NYK,76,2015-04-03,Away,WAS,L
1634,NYK,77,2015-04-05,Home,PHI,W
1635,NYK,78,2015-04-08,Home,IND,L
1636,NYK,79,2015-04-10,Home,MIL,L
1637,NYK,80,2015-04-11,Away,ORL,W
1638,NYK,81,2015-04-13,Away,ATL,W
1639,NYK,82,2015-04-15,Home,DET,L
1640,OKC,1,2014-10-29,Away,POR,L
1641,OKC,2,2014-10-30,Away,LAC,L
1642,OKC,3,2014-11-01,Home,DEN,W
1643,OKC,4,2014-11-03,Away,BRK,L
1644,OKC,5,2014-11-04,Away,TOR,L
1645,OKC,6,2014-11-07,Home,MEM,L
1646,OKC,7,2014-11-09,Home,SAC,W
1647,OKC,8,2014-11-11,Away,MIL,L
1648,OKC,9,2014-11-12,Away,BOS,W
1649,OKC,10,2014-11-14,Home,DET,L
1650,OKC,11,2014-11-16,Home,HOU,L
1651,OKC,12,2014-11-18,Away,UTA,L
1652,OKC,13,2014-11-19,Away,DEN,L
1653,OKC,14,2014-11-21,Home,BRK,L
1654,OKC,15,2014-11-23,Home,GSW,L
1655,OKC,16,2014-11-26,Home,UTA,W
1656,OKC,17,2014-11-28,Home,NYK,W
1657,OKC,18,2014-12-02,Away,NOP,L
1658,OKC,19,2014-12-05,Away,PHI,W
1659,OKC,20,2014-12-07,Away,DET,W
1660,OKC,21,2014-12-09,Home,MIL,W
1661,OKC,22,2014-12-11,Home,CLE,W
1662,OKC,23,2014-12-12,Away,MIN,W
1663,OKC,24,2014-12-14,Home,PHO,W
1664,OKC,25,2014-12-16,Away,SAC,W
1665,OKC,26,2014-12-18,Away,GSW,L
1666,OKC,27,2014-12-19,Away,LAL,W
1667,OKC,28,2014-12-21,Home,NOP,L
1668,OKC,29,2014-12-23,Home,POR,L
1669,OKC,30,2014-12-25,Away,SAS,W
1670,OKC,31,2014-12-26,Home,CHO,W
1671,OKC,32,2014-12-28,Away,DAL,L
1672,OKC,33,2014-12-31,Home,PHO,W
1673,OKC,34,2015-01-02,Home,WAS,W
1674,OKC,35,2015-01-05,Away,GSW,L
1675,OKC,36,2015-01-07,Away,SAC,L
1676,OKC,37,2015-01-09,Home,UTA,W
1677,OKC,38,2015-01-15,Away,HOU,L
1678,OKC,39,2015-01-16,Home,GSW,W
1679,OKC,40,2015-01-18,Away,ORL,W
1680,OKC,41,2015-01-20,Away,MIA,W
1681,OKC,42,2015-01-21,Away,WAS,W
1682,OKC,43,2015-01-23,Away,ATL,L
1683,OKC,44,2015-01-25,Away,CLE,L
1684,OKC,45,2015-01-26,Home,MIN,W
1685,OKC,46,2015-01-28,Away,NYK,L
1686,OKC,47,2015-01-31,Away,MEM,L
1687,OKC,48,2015-02-02,Home,ORL,W
1688,OKC,49,2015-02-04,Away,NOP,W
1689,OKC,50,2015-02-06,Home,NOP,L
1690,OKC,51,2015-02-08,Home,LAC,W
1691,OKC,52,2015-02-09,Away,DEN,W
1692,OKC,53,2015-02-11,Home,MEM,W
1693,OKC,54,2015-02-19,Home,DAL,W
1694,OKC,55,2015-02-21,Away,CHO,W
1695,OKC,56,2015-02-22,Home,DEN,W
1696,OKC,57,2015-02-24,Home,IND,W
1697,OKC,58,2015-02-26,Away,PHO,L
1698,OKC,59,2015-02-27,Away,POR,L
1699,OKC,60,2015-03-01,Away,LAL,W
1700,OKC,61,2015-03-04,Home,PHI,W
1701,OKC,62,2015-03-05,Away,CHI,L
1702,OKC,63,2015-03-08,Home,TOR,W
1703,OKC,64,2015-03-11,Home,LAC,L
1704,OKC,65,2015-03-13,Home,MIN,W
1705,OKC,66,2015-03-15,Home,CHI,W
1706,OKC,67,2015-03-16,Away,DAL,L
1707,OKC,68,2015-03-18,Home,BOS,W
1708,OKC,69,2015-03-20,Home,ATL,W
1709,OKC,70,2015-03-22,Home,MIA,W
1710,OKC,71,2015-03-24,Home,LAL,W
1711,OKC,72,2015-03-25,Away,SAS,L
1712,OKC,73,2015-03-28,Away,UTA,L
1713,OKC,74,2015-03-29,Away,PHO,W
1714,OKC,75,2015-04-01,Home,DAL,L
1715,OKC,76,2015-04-03,Away,MEM,L
1716,OKC,77,2015-04-05,Home,HOU,L
1717,OKC,78,2015-04-07,Home,SAS,L
1718,OKC,79,2015-04-10,Home,SAC,W
1719,OKC,80,2015-04-12,Away,IND,L
1720,OKC,81,2015-04-13,Home,POR,W
1721,OKC,82,2015-04-15,Away,MIN,W
1722,ORL,1,2014-10-28,Away,NOP,L
1723,ORL,2,2014-10-30,Home,WAS,L
1724,ORL,3,2014-11-01,Home,TOR,L
1725,ORL,4,2014-11-04,Away,CHI,L
1726,ORL,5,2014-11-05,Away,PHI,W
1727,ORL,6,2014-11-07,Home,MIN,W
1728,ORL,7,2014-11-09,Away,BRK,L
1729,ORL,8,2014-11-11,Away,TOR,L
1730,ORL,9,2014-11-12,Away,NYK,W
1731,ORL,10,2014-11-14,Home,MIL,W
1732,ORL,11,2014-11-15,Away,WAS,L
1733,ORL,12,2014-11-17,Away,DET,W
1734,ORL,13,2014-11-19,Home,LAC,L
1735,ORL,14,2014-11-21,Away,CHO,W
1736,ORL,15,2014-11-22,Home,MIA,L
1737,ORL,16,2014-11-24,Away,CLE,L
1738,ORL,17,2014-11-26,Home,GSW,L
1739,ORL,18,2014-11-28,Away,IND,L
1740,ORL,19,2014-11-30,Away,PHO,W
1741,ORL,20,2014-12-02,Away,GSW,L
1742,ORL,21,2014-12-03,Away,LAC,L
1743,ORL,22,2014-12-05,Away,UTA,W
1744,ORL,23,2014-12-06,Away,SAC,W
1745,ORL,24,2014-12-10,Home,WAS,L
1746,ORL,25,2014-12-12,Away,ATL,L
1747,ORL,26,2014-12-13,Home,ATL,W
1748,ORL,27,2014-12-15,Away,TOR,L
1749,ORL,28,2014-12-17,Away,BOS,L
1750,ORL,29,2014-12-19,Home,UTA,L
1751,ORL,30,2014-12-21,Home,PHI,L
1752,ORL,31,2014-12-23,Home,BOS,W
1753,ORL,32,2014-12-26,Home,CLE,L
1754,ORL,33,2014-12-27,Away,CHO,W
1755,ORL,34,2014-12-29,Away,MIA,W
1756,ORL,35,2014-12-30,Home,DET,L
1757,ORL,36,2015-01-02,Home,BRK,L
1758,ORL,37,2015-01-03,Home,CHO,L
1759,ORL,38,2015-01-07,Away,DEN,L
1760,ORL,39,2015-01-09,Away,LAL,L
1761,ORL,40,2015-01-10,Away,POR,L
1762,ORL,41,2015-01-12,Away,CHI,W
1763,ORL,42,2015-01-14,Home,HOU,W
1764,ORL,43,2015-01-16,Home,MEM,L
1765,ORL,44,2015-01-18,Home,OKC,L
1766,ORL,45,2015-01-21,Away,DET,L
1767,ORL,46,2015-01-23,Away,NYK,L
1768,ORL,47,2015-01-25,Home,IND,L
1769,ORL,48,2015-01-26,Away,MEM,L
1770,ORL,49,2015-01-29,Home,MIL,L
1771,ORL,50,2015-01-31,Home,DAL,L
1772,ORL,51,2015-02-02,Away,OKC,L
1773,ORL,52,2015-02-04,Away,SAS,L
1774,ORL,53,2015-02-06,Home,LAL,W
1775,ORL,54,2015-02-08,Home,CHI,L
1776,ORL,55,2015-02-09,Away,WAS,L
1777,ORL,56,2015-02-11,Home,NYK,W
1778,ORL,57,2015-02-20,Home,NOP,W
1779,ORL,58,2015-02-22,Home,PHI,W
1780,ORL,59,2015-02-25,Home,MIA,L
1781,ORL,60,2015-02-27,Away,ATL,L
1782,ORL,61,2015-03-01,Home,CHO,L
1783,ORL,62,2015-03-04,Home,PHO,L
1784,ORL,63,2015-03-06,Home,SAC,W
1785,ORL,64,2015-03-08,Home,BOS,W
1786,ORL,65,2015-03-10,Away,IND,L
1787,ORL,66,2015-03-11,Away,MIL,L
1788,ORL,67,2015-03-13,Away,BOS,L
1789,ORL,68,2015-03-15,Home,CLE,L
1790,ORL,69,2015-03-17,Away,HOU,L
1791,ORL,70,2015-03-18,Away,DAL,L
1792,ORL,71,2015-03-20,Home,POR,W
1793,ORL,72,2015-03-22,Home,DEN,L
1794,ORL,73,2015-03-25,Home,ATL,L
1795,ORL,74,2015-03-27,Home,DET,L
1796,ORL,75,2015-04-01,Home,SAS,L
1797,ORL,76,2015-04-03,Away,MIN,W
1798,ORL,77,2015-04-04,Away,MIL,W
1799,ORL,78,2015-04-08,Home,CHI,W
1800,ORL,79,2015-04-10,Home,TOR,L
1801,ORL,80,2015-04-11,Home,NYK,L
1802,ORL,81,2015-04-13,Away,MIA,L
1803,ORL,82,2015-04-15,Away,BRK,L
1804,PHI,1,2014-10-29,Away,IND,L
1805,PHI,2,2014-10-31,Away,MIL,L
1806,PHI,3,2014-11-01,Home,MIA,L
1807,PHI,4,2014-11-03,Home,HOU,L
1808,PHI,5,2014-11-05,Home,ORL,L
1809,PHI,6,2014-11-07,Home,CHI,L
1810,PHI,7,2014-11-09,Away,TOR,L
1811,PHI,8,2014-11-13,Away,DAL,L
1812,PHI,9,2014-11-14,Away,HOU,L
1813,PHI,10,2014-11-17,Away,SAS,L
1814,PHI,11,2014-11-19,Home,BOS,L
1815,PHI,12,2014-11-21,Home,PHO,L
1816,PHI,13,2014-11-22,Away,NYK,L
1817,PHI,14,2014-11-24,Home,POR,L
1818,PHI,15,2014-11-26,Home,BRK,L
1819,PHI,16,2014-11-29,Home,DAL,L
1820,PHI,17,2014-12-01,Home,SAS,L
1821,PHI,18,2014-12-03,Away,MIN,W
1822,PHI,19,2014-12-05,Home,OKC,L
1823,PHI,20,2014-12-06,Away,DET,W
1824,PHI,21,2014-12-10,Away,ATL,L
1825,PHI,22,2014-12-12,Away,BRK,L
1826,PHI,23,2014-12-13,Home,MEM,L
1827,PHI,24,2014-12-15,Home,BOS,L
1828,PHI,25,2014-12-19,Home,CHO,L
1829,PHI,26,2014-12-21,Away,ORL,W
1830,PHI,27,2014-12-23,Away,MIA,W
1831,PHI,28,2014-12-26,Away,POR,L
1832,PHI,29,2014-12-27,Away,UTA,L
1833,PHI,30,2014-12-30,Away,GSW,L
1834,PHI,31,2015-01-02,Away,PHO,L
1835,PHI,32,2015-01-03,Away,LAC,L
1836,PHI,33,2015-01-05,Home,CLE,W
1837,PHI,34,2015-01-07,Home,MIL,L
1838,PHI,35,2015-01-09,Away,BRK,W
1839,PHI,36,2015-01-10,Home,IND,W
1840,PHI,37,2015-01-13,Home,ATL,L
1841,PHI,38,2015-01-14,Away,TOR,L
1842,PHI,39,2015-01-16,Home,NOP,W
1843,PHI,40,2015-01-17,Away,DET,L
1844,PHI,41,2015-01-19,Away,WAS,L
1845,PHI,42,2015-01-21,Home,NYK,L
1846,PHI,43,2015-01-23,Home,TOR,L
1847,PHI,44,2015-01-24,Away,MEM,L
1848,PHI,45,2015-01-26,Away,NOP,L
1849,PHI,46,2015-01-28,Home,DET,W
1850,PHI,47,2015-01-30,Home,MIN,W
1851,PHI,48,2015-01-31,Away,ATL,L
1852,PHI,49,2015-02-02,Away,CLE,L
1853,PHI,50,2015-02-03,Home,DEN,W
1854,PHI,51,2015-02-06,Away,BOS,L
1855,PHI,52,2015-02-07,Home,CHO,W
1856,PHI,53,2015-02-09,Home,GSW,L
1857,PHI,54,2015-02-20,Home,IND,L
1858,PHI,55,2015-02-22,Away,ORL,L
1859,PHI,56,2015-02-23,Away,MIA,L
1860,PHI,57,2015-02-25,Away,MIL,L
1861,PHI,58,2015-02-27,Home,WAS,W
1862,PHI,59,2015-03-01,Away,IND,L
1863,PHI,60,2015-03-02,Home,TOR,L
1864,PHI,61,2015-03-04,Away,OKC,L
1865,PHI,62,2015-03-06,Home,UTA,L
1866,PHI,63,2015-03-07,Home,ATL,W
1867,PHI,64,2015-03-11,Home,CHI,L
1868,PHI,65,2015-03-13,Home,SAC,W
1869,PHI,66,2015-03-14,Home,BRK,L
1870,PHI,67,2015-03-16,Away,BOS,L
1871,PHI,68,2015-03-18,Home,DET,W
1872,PHI,69,2015-03-20,Home,NYK,W
1873,PHI,70,2015-03-22,Away,LAL,L
1874,PHI,71,2015-03-24,Away,SAC,L
1875,PHI,72,2015-03-25,Away,DEN,W
1876,PHI,73,2015-03-27,Home,LAC,L
1877,PHI,74,2015-03-29,Away,CLE,L
1878,PHI,75,2015-03-30,Home,LAL,L
1879,PHI,76,2015-04-01,Away,WAS,L
1880,PHI,77,2015-04-04,Away,CHO,L
1881,PHI,78,2015-04-05,Away,NYK,L
1882,PHI,79,2015-04-08,Home,WAS,L
1883,PHI,80,2015-04-11,Away,CHI,L
1884,PHI,81,2015-04-13,Home,MIL,L
1885,PHI,82,2015-04-15,Home,MIA,L
1886,PHO,1,2014-10-29,Home,LAL,W
1887,PHO,2,2014-10-31,Home,SAS,W
1888,PHO,3,2014-11-01,Away,UTA,L
1889,PHO,4,2014-11-04,Away,LAL,W
1890,PHO,5,2014-11-05,Home,MEM,L
1891,PHO,6,2014-11-07,Home,SAC,L
1892,PHO,7,2014-11-09,Home,GSW,W
1893,PHO,8,2014-11-12,Home,BRK,W
1894,PHO,9,2014-11-14,Home,CHO,L
1895,PHO,10,2014-11-15,Away,LAC,L
1896,PHO,11,2014-11-17,Away,BOS,W
1897,PHO,12,2014-11-19,Away,DET,W
1898,PHO,13,2014-11-21,Away,PHI,W
1899,PHO,14,2014-11-22,Away,IND,W
1900,PHO,15,2014-11-24,Away,TOR,L
1901,PHO,16,2014-11-26,Home,DEN,W
1902,PHO,17,2014-11-28,Away,DEN,L
1903,PHO,18,2014-11-30,Home,ORL,L
1904,PHO,19,2014-12-02,Home,IND,W
1905,PHO,20,2014-12-05,Away,DAL,W
1906,PHO,21,2014-12-06,Away,HOU,L
1907,PHO,22,2014-12-08,Away,LAC,L
1908,PHO,23,2014-12-09,Home,MIA,L
1909,PHO,24,2014-12-12,Home,DET,L
1910,PHO,25,2014-12-14,Away,OKC,L
1911,PHO,26,2014-12-15,Home,MIL,L
1912,PHO,27,2014-12-17,Away,CHO,W
1913,PHO,28,2014-12-20,Away,NYK,W
1914,PHO,29,2014-12-21,Away,WAS,W
1915,PHO,30,2014-12-23,Home,DAL,W
1916,PHO,31,2014-12-26,Away,SAC,W
1917,PHO,32,2014-12-28,Away,LAL,W
1918,PHO,33,2014-12-30,Away,NOP,L
1919,PHO,34,2014-12-31,Away,OKC,L
1920,PHO,35,2015-01-02,Home,PHI,W
1921,PHO,36,2015-01-04,Home,TOR,W
1922,PHO,37,2015-01-06,Away,MIL,W
1923,PHO,38,2015-01-07,Away,MIN,W
1924,PHO,39,2015-01-09,Away,SAS,L
1925,PHO,40,2015-01-11,Away,MEM,L
1926,PHO,41,2015-01-13,Home,CLE,W
1927,PHO,42,2015-01-16,Home,MIN,W
1928,PHO,43,2015-01-19,Home,LAL,W
1929,PHO,44,2015-01-21,Home,POR,W
1930,PHO,45,2015-01-23,Home,HOU,L
1931,PHO,46,2015-01-25,Home,LAC,L
1932,PHO,47,2015-01-28,Home,WAS,W
1933,PHO,48,2015-01-30,Home,CHI,W
1934,PHO,49,2015-01-31,Away,GSW,L
1935,PHO,50,2015-02-02,Home,MEM,L
1936,PHO,51,2015-02-05,Away,POR,L
1937,PHO,52,2015-02-06,Home,UTA,W
1938,PHO,53,2015-02-08,Away,SAC,L
1939,PHO,54,2015-02-10,Home,HOU,L
1940,PHO,55,2015-02-20,Away,MIN,L
1941,PHO,56,2015-02-21,Away,CHI,L
1942,PHO,57,2015-02-23,Home,BOS,L
1943,PHO,58,2015-02-25,Away,DEN,W
1944,PHO,59,2015-02-26,Home,OKC,W
1945,PHO,60,2015-02-28,Home,SAS,L
1946,PHO,61,2015-03-02,Away,MIA,L
1947,PHO,62,2015-03-04,Away,ORL,W
1948,PHO,63,2015-03-06,Away,BRK,W
1949,PHO,64,2015-03-07,Away,CLE,L
1950,PHO,65,2015-03-09,Home,GSW,L
1951,PHO,66,2015-03-11,Home,MIN,W
1952,PHO,67,2015-03-13,Home,ATL,L
1953,PHO,68,2015-03-15,Home,NYK,W
1954,PHO,69,2015-03-19,Home,NOP,W
1955,PHO,70,2015-03-21,Away,HOU,W
1956,PHO,71,2015-03-22,Home,DAL,W
1957,PHO,72,2015-03-25,Home,SAC,L
1958,PHO,73,2015-03-27,Home,POR,L
1959,PHO,74,2015-03-29,Home,OKC,L
1960,PHO,75,2015-03-30,Away,POR,L
1961,PHO,76,2015-04-02,Away,GSW,L
1962,PHO,77,2015-04-04,Home,UTA,W
1963,PHO,78,2015-04-07,Away,ATL,L
1964,PHO,79,2015-04-08,Away,DAL,L
1965,PHO,80,2015-04-10,Away,NOP,L
1966,PHO,81,2015-04-12,Away,SAS,L
1967,PHO,82,2015-04-14,Home,LAC,L
1968,POR,1,2014-10-29,Home,OKC,W
1969,POR,2,2014-10-31,Away,SAC,L
1970,POR,3,2014-11-02,Home,GSW,L
1971,POR,4,2014-11-04,Home,CLE,W
1972,POR,5,2014-11-06,Home,DAL,W
1973,POR,6,2014-11-08,Away,LAC,L
1974,POR,7,2014-11-09,Home,DEN,W
1975,POR,8,2014-11-11,Home,CHO,W
1976,POR,9,2014-11-12,Away,DEN,W
1977,POR,10,2014-11-15,Home,BRK,W
1978,POR,11,2014-11-17,Home,NOP,W
1979,POR,12,2014-11-21,Home,CHI,W
1980,POR,13,2014-11-23,Away,BOS,W
1981,POR,14,2014-11-24,Away,PHI,W
1982,POR,15,2014-11-26,Away,CHO,W
1983,POR,16,2014-11-28,Home,MEM,L
1984,POR,17,2014-11-30,Home,MIN,W
1985,POR,18,2014-12-02,Away,DEN,W
1986,POR,19,2014-12-04,Home,IND,W
1987,POR,20,2014-12-07,Away,NYK,W
1988,POR,21,2014-12-09,Away,DET,W
1989,POR,22,2014-12-10,Away,MIN,L
1990,POR,23,2014-12-12,Away,CHI,L
1991,POR,24,2014-12-13,Away,IND,W
1992,POR,25,2014-12-15,Home,SAS,W
1993,POR,26,2014-12-17,Home,MIL,W
1994,POR,27,2014-12-19,Away,SAS,W
1995,POR,28,2014-12-20,Away,NOP,W
1996,POR,29,2014-12-22,Away,HOU,L
1997,POR,30,2014-12-23,Away,OKC,W
1998,POR,31,2014-12-26,Home,PHI,W
1999,POR,32,2014-12-28,Home,NYK,W
2000,POR,33,2014-12-30,Home,TOR,W
2001,POR,34,2015-01-03,Home,ATL,L
2002,POR,35,2015-01-05,Home,LAL,W
2003,POR,36,2015-01-08,Home,MIA,W
2004,POR,37,2015-01-10,Home,ORL,W
2005,POR,38,2015-01-11,Away,LAL,W
2006,POR,39,2015-01-14,Home,LAC,L
2007,POR,40,2015-01-16,Away,SAS,L
2008,POR,41,2015-01-17,Away,MEM,L
2009,POR,42,2015-01-19,Home,SAC,W
2010,POR,43,2015-01-21,Away,PHO,L
2011,POR,44,2015-01-22,Home,BOS,L
2012,POR,45,2015-01-24,Home,WAS,W
2013,POR,46,2015-01-28,Away,CLE,L
2014,POR,47,2015-01-30,Away,ATL,L
2015,POR,48,2015-01-31,Away,MIL,L
2016,POR,49,2015-02-03,Home,UTA,W
2017,POR,50,2015-02-05,Home,PHO,W
2018,POR,51,2015-02-07,Away,DAL,L
2019,POR,52,2015-02-08,Away,HOU,W
2020,POR,53,2015-02-11,Home,LAL,W
2021,POR,54,2015-02-20,Away,UTA,L
2022,POR,55,2015-02-22,Home,MEM,L
2023,POR,56,2015-02-25,Home,SAS,W
2024,POR,57,2015-02-27,Home,OKC,W
2025,POR,58,2015-03-01,Away,SAC,W
2026,POR,59,2015-03-04,Away,LAC,W
2027,POR,60,2015-03-05,Home,DAL,W
2028,POR,61,2015-03-07,Away,MIN,L
2029,POR,62,2015-03-11,Home,HOU,W
2030,POR,63,2015-03-13,Home,DET,W
2031,POR,64,2015-03-15,Away,TOR,W
2032,POR,65,2015-03-16,Away,WAS,L
2033,POR,66,2015-03-18,Away,MIA,L
2034,POR,67,2015-03-20,Away,ORL,L
2035,POR,68,2015-03-21,Away,MEM,L
2036,POR,69,2015-03-24,Home,GSW,L
2037,POR,70,2015-03-25,Away,UTA,W
2038,POR,71,2015-03-27,Away,PHO,W
2039,POR,72,2015-03-28,Home,DEN,W
2040,POR,73,2015-03-30,Home,PHO,W
2041,POR,74,2015-04-01,Home,LAC,L
2042,POR,75,2015-04-03,Away,LAL,W
2043,POR,76,2015-04-04,Home,NOP,W
2044,POR,77,2015-04-06,Away,BRK,L
2045,POR,78,2015-04-08,Home,MIN,W
2046,POR,79,2015-04-09,Away,GSW,L
2047,POR,80,2015-04-11,Home,UTA,L
2048,POR,81,2015-04-13,Away,OKC,L
2049,POR,82,2015-04-15,Away,DAL,L
2050,SAC,1,2014-10-29,Home,GSW,L
2051,SAC,2,2014-10-31,Home,POR,W
2052,SAC,3,2014-11-02,Away,LAC,W
2053,SAC,4,2014-11-03,Away,DEN,W
2054,SAC,5,2014-11-05,Home,DEN,W
2055,SAC,6,2014-11-07,Away,PHO,W
2056,SAC,7,2014-11-09,Away,OKC,L
2057,SAC,8,2014-11-11,Away,DAL,L
2058,SAC,9,2014-11-13,Away,MEM,L
2059,SAC,10,2014-11-15,Home,SAS,W
2060,SAC,11,2014-11-18,Home,NOP,L
2061,SAC,12,2014-11-20,Home,CHI,W
2062,SAC,13,2014-11-22,Away,MIN,W
2063,SAC,14,2014-11-25,Away,NOP,W
2064,SAC,15,2014-11-26,Away,HOU,L
2065,SAC,16,2014-11-28,Away,SAS,L
2066,SAC,17,2014-11-30,Home,MEM,L
2067,SAC,18,2014-12-02,Home,TOR,L
2068,SAC,19,2014-12-05,Home,IND,W
2069,SAC,20,2014-12-06,Home,ORL,L
2070,SAC,21,2014-12-08,Home,UTA,W
2071,SAC,22,2014-12-09,Away,LAL,L
2072,SAC,23,2014-12-11,Home,HOU,L
2073,SAC,24,2014-12-13,Home,DET,L
2074,SAC,25,2014-12-16,Home,OKC,L
2075,SAC,26,2014-12-18,Home,MIL,L
2076,SAC,27,2014-12-21,Home,LAL,W
2077,SAC,28,2014-12-22,Away,GSW,L
2078,SAC,29,2014-12-26,Home,PHO,L
2079,SAC,30,2014-12-27,Home,NYK,W
2080,SAC,31,2014-12-29,Away,BRK,L
2081,SAC,32,2014-12-31,Away,BOS,L
2082,SAC,33,2015-01-01,Away,MIN,W
2083,SAC,34,2015-01-04,Away,DET,L
2084,SAC,35,2015-01-07,Home,OKC,W
2085,SAC,36,2015-01-09,Home,DEN,L
2086,SAC,37,2015-01-11,Home,CLE,W
2087,SAC,38,2015-01-13,Home,DAL,L
2088,SAC,39,2015-01-16,Home,MIA,L
2089,SAC,40,2015-01-17,Home,LAC,L
2090,SAC,41,2015-01-19,Away,POR,L
2091,SAC,42,2015-01-21,Home,BRK,L
2092,SAC,43,2015-01-23,Away,GSW,L
2093,SAC,44,2015-01-28,Away,TOR,L
2094,SAC,45,2015-01-30,Away,CLE,L
2095,SAC,46,2015-01-31,Away,IND,W
2096,SAC,47,2015-02-03,Home,GSW,L
2097,SAC,48,2015-02-05,Home,DAL,L
2098,SAC,49,2015-02-07,Away,UTA,L
2099,SAC,50,2015-02-08,Home,PHO,W
2100,SAC,51,2015-02-10,Away,CHI,L
2101,SAC,52,2015-02-11,Away,MIL,L
2102,SAC,53,2015-02-20,Home,BOS,W
2103,SAC,54,2015-02-21,Away,LAC,L
2104,SAC,55,2015-02-25,Home,MEM,W
2105,SAC,56,2015-02-27,Home,SAS,L
2106,SAC,57,2015-03-01,Home,POR,L
2107,SAC,58,2015-03-03,Away,NYK,W
2108,SAC,59,2015-03-04,Away,SAS,L
2109,SAC,60,2015-03-06,Away,ORL,L
2110,SAC,61,2015-03-07,Away,MIA,L
2111,SAC,62,2015-03-09,Away,ATL,L
2112,SAC,63,2015-03-11,Away,CHO,W
2113,SAC,64,2015-03-13,Away,PHI,L
2114,SAC,65,2015-03-14,Away,WAS,L
2115,SAC,66,2015-03-16,Home,ATL,L
2116,SAC,67,2015-03-18,Home,LAC,L
2117,SAC,68,2015-03-20,Home,CHO,W
2118,SAC,69,2015-03-22,Home,WAS,W
2119,SAC,70,2015-03-24,Home,PHI,W
2120,SAC,71,2015-03-25,Away,PHO,W
2121,SAC,72,2015-03-27,Away,NOP,L
2122,SAC,73,2015-03-30,Away,MEM,L
2123,SAC,74,2015-04-01,Away,HOU,L
2124,SAC,75,2015-04-03,Home,NOP,L
2125,SAC,76,2015-04-05,Home,UTA,L
2126,SAC,77,2015-04-07,Home,MIN,W
2127,SAC,78,2015-04-08,Away,UTA,L
2128,SAC,79,2015-04-10,Away,OKC,L
2129,SAC,80,2015-04-12,Away,DEN,L
2130,SAC,81,2015-04-13,Home,LAL,W
2131,SAC,82,2015-04-15,Away,LAL,W
2132,SAS,1,2014-10-28,Home,DAL,W
2133,SAS,2,2014-10-31,Away,PHO,L
2134,SAS,3,2014-11-05,Home,ATL,W
2135,SAS,4,2014-11-06,Away,HOU,L
2136,SAS,5,2014-11-08,Home,NOP,L
2137,SAS,6,2014-11-10,Away,LAC,W
2138,SAS,7,2014-11-11,Away,GSW,W
2139,SAS,8,2014-11-14,Away,LAL,W
2140,SAS,9,2014-11-15,Away,SAC,L
2141,SAS,10,2014-11-17,Home,PHI,W
2142,SAS,11,2014-11-19,Away,CLE,W
2143,SAS,12,2014-11-21,Away,MIN,W
2144,SAS,13,2014-11-22,Home,BRK,W
2145,SAS,14,2014-11-26,Home,IND,W
2146,SAS,15,2014-11-28,Home,SAC,W
2147,SAS,16,2014-11-30,Away,BOS,W
2148,SAS,17,2014-12-01,Away,PHI,W
2149,SAS,18,2014-12-03,Away,BRK,L
2150,SAS,19,2014-12-05,Away,MEM,W
2151,SAS,20,2014-12-06,Home,MIN,W
2152,SAS,21,2014-12-09,Away,UTA,L
2153,SAS,22,2014-12-10,Home,NYK,W
2154,SAS,23,2014-12-12,Home,LAL,L
2155,SAS,24,2014-12-14,Away,DEN,W
2156,SAS,25,2014-12-15,Away,POR,L
2157,SAS,26,2014-12-17,Home,MEM,L
2158,SAS,27,2014-12-19,Home,POR,L
2159,SAS,28,2014-12-20,Away,DAL,L
2160,SAS,29,2014-12-22,Home,LAC,W
2161,SAS,30,2014-12-25,Home,OKC,L
2162,SAS,31,2014-12-26,Away,NOP,L
2163,SAS,32,2014-12-28,Home,HOU,W
2164,SAS,33,2014-12-30,Away,MEM,L
2165,SAS,34,2014-12-31,Home,NOP,W
2166,SAS,35,2015-01-03,Home,WAS,W
2167,SAS,36,2015-01-06,Home,DET,L
2168,SAS,37,2015-01-09,Home,PHO,W
2169,SAS,38,2015-01-10,Away,MIN,W
2170,SAS,39,2015-01-13,Away,WAS,L
2171,SAS,40,2015-01-14,Away,CHO,W
2172,SAS,41,2015-01-16,Home,POR,W
2173,SAS,42,2015-01-18,Home,UTA,W
2174,SAS,43,2015-01-20,Away,DEN,W
2175,SAS,44,2015-01-22,Away,CHI,L
2176,SAS,45,2015-01-23,Home,LAL,W
2177,SAS,46,2015-01-25,Home,MIL,W
2178,SAS,47,2015-01-28,Home,CHO,W
2179,SAS,48,2015-01-31,Home,LAC,L
2180,SAS,49,2015-02-04,Home,ORL,W
2181,SAS,50,2015-02-06,Home,MIA,W
2182,SAS,51,2015-02-08,Away,TOR,L
2183,SAS,52,2015-02-09,Away,IND,W
2184,SAS,53,2015-02-11,Away,DET,W
2185,SAS,54,2015-02-19,Away,LAC,L
2186,SAS,55,2015-02-20,Away,GSW,L
2187,SAS,56,2015-02-23,Away,UTA,L
2188,SAS,57,2015-02-25,Away,POR,L
2189,SAS,58,2015-02-27,Away,SAC,W
2190,SAS,59,2015-02-28,Away,PHO,W
2191,SAS,60,2015-03-04,Home,SAC,W
2192,SAS,61,2015-03-06,Home,DEN,W
2193,SAS,62,2015-03-08,Home,CHI,W
2194,SAS,63,2015-03-10,Home,TOR,W
2195,SAS,64,2015-03-12,Home,CLE,L
2196,SAS,65,2015-03-15,Home,MIN,W
2197,SAS,66,2015-03-17,Away,NYK,L
2198,SAS,67,2015-03-18,Away,MIL,W
2199,SAS,68,2015-03-20,Home,BOS,W
2200,SAS,69,2015-03-22,Away,ATL,W
2201,SAS,70,2015-03-24,Away,DAL,L
2202,SAS,71,2015-03-25,Home,OKC,W
2203,SAS,72,2015-03-27,Home,DAL,W
2204,SAS,73,2015-03-29,Home,MEM,W
2205,SAS,74,2015-03-31,Away,MIA,W
2206,SAS,75,2015-04-01,Away,ORL,W
2207,SAS,76,2015-04-03,Home,DEN,W
2208,SAS,77,2015-04-05,Home,GSW,W
2209,SAS,78,2015-04-07,Away,OKC,W
2210,SAS,79,2015-04-08,Home,HOU,W
2211,SAS,80,2015-04-10,Away,HOU,W
2212,SAS,81,2015-04-12,Home,PHO,W
2213,SAS,82,2015-04-15,Away,NOP,L
2214,TOR,1,2014-10-29,Home,ATL,W
2215,TOR,2,2014-11-01,Away,ORL,W
2216,TOR,3,2014-11-02,Away,MIA,L
2217,TOR,4,2014-11-04,Home,OKC,W
2218,TOR,5,2014-11-05,Away,BOS,W
2219,TOR,6,2014-11-07,Home,WAS,W
2220,TOR,7,2014-11-09,Home,PHI,W
2221,TOR,8,2014-11-11,Home,ORL,W
2222,TOR,9,2014-11-13,Home,CHI,L
2223,TOR,10,2014-11-15,Home,UTA,W
2224,TOR,11,2014-11-19,Home,MEM,W
2225,TOR,12,2014-11-21,Home,MIL,W
2226,TOR,13,2014-11-22,Away,CLE,W
2227,TOR,14,2014-11-24,Home,PHO,W
2228,TOR,15,2014-11-26,Away,ATL,W
2229,TOR,16,2014-11-28,Home,DAL,L
2230,TOR,17,2014-11-30,Away,LAL,L
2231,TOR,18,2014-12-02,Away,SAC,W
2232,TOR,19,2014-12-03,Away,UTA,W
2233,TOR,20,2014-12-05,Home,CLE,L
2234,TOR,21,2014-12-08,Home,DEN,W
2235,TOR,22,2014-12-09,Away,CLE,L
2236,TOR,23,2014-12-12,Home,IND,W
2237,TOR,24,2014-12-14,Away,NYK,W
2238,TOR,25,2014-12-15,Home,ORL,W
2239,TOR,26,2014-12-17,Home,BRK,W
2240,TOR,27,2014-12-19,Away,DET,W
2241,TOR,28,2014-12-21,Home,NYK,W
2242,TOR,29,2014-12-22,Away,CHI,L
2243,TOR,30,2014-12-27,Away,LAC,W
2244,TOR,31,2014-12-28,Away,DEN,W
2245,TOR,32,2014-12-30,Away,POR,L
2246,TOR,33,2015-01-02,Away,GSW,L
2247,TOR,34,2015-01-04,Away,PHO,L
2248,TOR,35,2015-01-08,Home,CHO,L
2249,TOR,36,2015-01-10,Home,BOS,W
2250,TOR,37,2015-01-12,Home,DET,L
2251,TOR,38,2015-01-14,Home,PHI,W
2252,TOR,39,2015-01-16,Home,ATL,L
2253,TOR,40,2015-01-18,Home,NOP,L
2254,TOR,41,2015-01-19,Away,MIL,W
2255,TOR,42,2015-01-21,Away,MEM,L
2256,TOR,43,2015-01-23,Away,PHI,W
2257,TOR,44,2015-01-25,Home,DET,W
2258,TOR,45,2015-01-27,Away,IND,W
2259,TOR,46,2015-01-28,Home,SAC,W
2260,TOR,47,2015-01-30,Away,BRK,W
2261,TOR,48,2015-01-31,Away,WAS,W
2262,TOR,49,2015-02-02,Home,MIL,L
2263,TOR,50,2015-02-04,Home,BRK,L
2264,TOR,51,2015-02-06,Home,LAC,W
2265,TOR,52,2015-02-08,Home,SAS,W
2266,TOR,53,2015-02-11,Home,WAS,W
2267,TOR,54,2015-02-20,Away,ATL,W
2268,TOR,55,2015-02-21,Away,HOU,L
2269,TOR,56,2015-02-23,Away,NOP,L
2270,TOR,57,2015-02-24,Away,DAL,L
2271,TOR,58,2015-02-27,Home,GSW,L
2272,TOR,59,2015-02-28,Away,NYK,L
2273,TOR,60,2015-03-02,Away,PHI,W
2274,TOR,61,2015-03-04,Home,CLE,L
2275,TOR,62,2015-03-06,Away,CHO,L
2276,TOR,63,2015-03-08,Away,OKC,L
2277,TOR,64,2015-03-10,Away,SAS,L
2278,TOR,65,2015-03-13,Home,MIA,W
2279,TOR,66,2015-03-15,Home,POR,L
2280,TOR,67,2015-03-16,Away,IND,W
2281,TOR,68,2015-03-18,Home,MIN,W
2282,TOR,69,2015-03-20,Away,CHI,L
2283,TOR,70,2015-03-22,Home,NYK,W
2284,TOR,71,2015-03-24,Away,DET,L
2285,TOR,72,2015-03-25,Home,CHI,L
2286,TOR,73,2015-03-27,Home,LAL,W
2287,TOR,74,2015-03-30,Home,HOU,W
2288,TOR,75,2015-04-01,Away,MIN,W
2289,TOR,76,2015-04-03,Away,BRK,L
2290,TOR,77,2015-04-04,Home,BOS,L
2291,TOR,78,2015-04-08,Away,CHO,W
2292,TOR,79,2015-04-10,Away,ORL,W
2293,TOR,80,2015-04-11,Away,MIA,W
2294,TOR,81,2015-04-14,Away,BOS,L
2295,TOR,82,2015-04-15,Home,CHO,W
2296,UTA,1,2014-10-29,Home,HOU,L
2297,UTA,2,2014-10-30,Away,DAL,L
2298,UTA,3,2014-11-01,Home,PHO,W
2299,UTA,4,2014-11-03,Away,LAC,L
2300,UTA,5,2014-11-05,Home,CLE,W
2301,UTA,6,2014-11-07,Home,DAL,L
2302,UTA,7,2014-11-09,Away,DET,W
2303,UTA,8,2014-11-10,Away,IND,L
2304,UTA,9,2014-11-12,Away,ATL,L
2305,UTA,10,2014-11-14,Away,NYK,W
2306,UTA,11,2014-11-15,Away,TOR,L
2307,UTA,12,2014-11-18,Home,OKC,W
2308,UTA,13,2014-11-21,Away,GSW,L
2309,UTA,14,2014-11-22,Home,NOP,L
2310,UTA,15,2014-11-24,Home,CHI,L
2311,UTA,16,2014-11-26,Away,OKC,L
2312,UTA,17,2014-11-29,Home,LAC,L
2313,UTA,18,2014-12-01,Home,DEN,L
2314,UTA,19,2014-12-03,Home,TOR,L
2315,UTA,20,2014-12-05,Home,ORL,L
2316,UTA,21,2014-12-08,Away,SAC,L
2317,UTA,22,2014-12-09,Home,SAS,W
2318,UTA,23,2014-12-12,Home,MIA,L
2319,UTA,24,2014-12-14,Away,WAS,L
2320,UTA,25,2014-12-16,Away,NOP,L
2321,UTA,26,2014-12-17,Away,MIA,W
2322,UTA,27,2014-12-19,Away,ORL,W
2323,UTA,28,2014-12-20,Away,CHO,L
2324,UTA,29,2014-12-22,Away,MEM,W
2325,UTA,30,2014-12-27,Home,PHI,W
2326,UTA,31,2014-12-29,Away,LAC,L
2327,UTA,32,2014-12-30,Home,MIN,W
2328,UTA,33,2015-01-02,Home,ATL,L
2329,UTA,34,2015-01-03,Away,MIN,W
2330,UTA,35,2015-01-05,Home,IND,L
2331,UTA,36,2015-01-07,Away,CHI,W
2332,UTA,37,2015-01-09,Away,OKC,L
2333,UTA,38,2015-01-10,Away,HOU,L
2334,UTA,39,2015-01-13,Home,GSW,L
2335,UTA,40,2015-01-16,Home,LAL,W
2336,UTA,41,2015-01-18,Away,SAS,L
2337,UTA,42,2015-01-21,Away,CLE,L
2338,UTA,43,2015-01-22,Away,MIL,W
2339,UTA,44,2015-01-24,Home,BRK,W
2340,UTA,45,2015-01-26,Home,BOS,L
2341,UTA,46,2015-01-28,Home,LAC,L
2342,UTA,47,2015-01-30,Home,GSW,W
2343,UTA,48,2015-02-03,Away,POR,L
2344,UTA,49,2015-02-04,Home,MEM,L
2345,UTA,50,2015-02-06,Away,PHO,L
2346,UTA,51,2015-02-07,Home,SAC,W
2347,UTA,52,2015-02-09,Away,NOP,W
2348,UTA,53,2015-02-11,Away,DAL,L
2349,UTA,54,2015-02-20,Home,POR,W
2350,UTA,55,2015-02-23,Home,SAS,W
2351,UTA,56,2015-02-25,Home,LAL,L
2352,UTA,57,2015-02-27,Away,DEN,W
2353,UTA,58,2015-02-28,Home,MIL,W
2354,UTA,59,2015-03-03,Away,MEM,W
2355,UTA,60,2015-03-04,Away,BOS,L
2356,UTA,61,2015-03-06,Away,PHI,W
2357,UTA,62,2015-03-08,Away,BRK,W
2358,UTA,63,2015-03-10,Home,NYK,W
2359,UTA,64,2015-03-12,Home,HOU,W
2360,UTA,65,2015-03-14,Home,DET,W
2361,UTA,66,2015-03-16,Home,CHO,W
2362,UTA,67,2015-03-18,Home,WAS,L
2363,UTA,68,2015-03-19,Away,LAL,W
2364,UTA,69,2015-03-21,Away,GSW,L
2365,UTA,70,2015-03-23,Home,MIN,L
2366,UTA,71,2015-03-25,Home,POR,L
2367,UTA,72,2015-03-27,Away,DEN,L
2368,UTA,73,2015-03-28,Home,OKC,W
2369,UTA,74,2015-03-30,Away,MIN,W
2370,UTA,75,2015-04-01,Home,DEN,W
2371,UTA,76,2015-04-04,Away,PHO,L
2372,UTA,77,2015-04-05,Away,SAC,W
2373,UTA,78,2015-04-08,Home,SAC,W
2374,UTA,79,2015-04-10,Home,MEM,L
2375,UTA,80,2015-04-11,Away,POR,W
2376,UTA,81,2015-04-13,Home,DAL,W
2377,UTA,82,2015-04-15,Away,HOU,L
2378,WAS,1,2014-10-29,Away,MIA,L
2379,WAS,2,2014-10-30,Away,ORL,W
2380,WAS,3,2014-11-01,Home,MIL,W
2381,WAS,4,2014-11-04,Away,NYK,W
2382,WAS,5,2014-11-05,Home,IND,W
2383,WAS,6,2014-11-07,Away,TOR,L
2384,WAS,7,2014-11-08,Away,IND,W
2385,WAS,8,2014-11-12,Home,DET,W
2386,WAS,9,2014-11-15,Home,ORL,W
2387,WAS,10,2014-11-19,Home,DAL,L
2388,WAS,11,2014-11-21,Home,CLE,W
2389,WAS,12,2014-11-22,Away,MIL,W
2390,WAS,13,2014-11-25,Home,ATL,L
2391,WAS,14,2014-11-26,Away,CLE,L
2392,WAS,15,2014-11-29,Home,NOP,W
2393,WAS,16,2014-12-01,Home,MIA,W
2394,WAS,17,2014-12-03,Home,LAL,W
2395,WAS,18,2014-12-05,Home,DEN,W
2396,WAS,19,2014-12-07,Away,BOS,L
2397,WAS,20,2014-12-08,Home,BOS,W
2398,WAS,21,2014-12-10,Away,ORL,W
2399,WAS,22,2014-12-12,Home,LAC,W
2400,WAS,23,2014-12-14,Home,UTA,W
2401,WAS,24,2014-12-16,Home,MIN,W
2402,WAS,25,2014-12-19,Away,MIA,W
2403,WAS,26,2014-12-21,Home,PHO,L
2404,WAS,27,2014-12-23,Home,CHI,L
2405,WAS,28,2014-12-25,Away,NYK,W
2406,WAS,29,2014-12-27,Home,BOS,W
2407,WAS,30,2014-12-29,Away,HOU,W
2408,WAS,31,2014-12-30,Away,DAL,L
2409,WAS,32,2015-01-02,Away,OKC,L
2410,WAS,33,2015-01-03,Away,SAS,L
2411,WAS,34,2015-01-05,Away,NOP,W
2412,WAS,35,2015-01-07,Home,NYK,W
2413,WAS,36,2015-01-09,Home,CHI,W
2414,WAS,37,2015-01-11,Away,ATL,L
2415,WAS,38,2015-01-13,Home,SAS,W
2416,WAS,39,2015-01-14,Away,CHI,W
2417,WAS,40,2015-01-16,Home,BRK,L
2418,WAS,41,2015-01-17,Away,BRK,W
2419,WAS,42,2015-01-19,Home,PHI,W
2420,WAS,43,2015-01-21,Home,OKC,L
2421,WAS,44,2015-01-24,Away,POR,L
2422,WAS,45,2015-01-25,Away,DEN,W
2423,WAS,46,2015-01-27,Away,LAL,W
2424,WAS,47,2015-01-28,Away,PHO,L
2425,WAS,48,2015-01-31,Home,TOR,L
2426,WAS,49,2015-02-02,Home,CHO,L
2427,WAS,50,2015-02-04,Away,ATL,L
2428,WAS,51,2015-02-05,Away,CHO,L
2429,WAS,52,2015-02-07,Home,BRK,W
2430,WAS,53,2015-02-09,Home,ORL,W
2431,WAS,54,2015-02-11,Away,TOR,L
2432,WAS,55,2015-02-20,Home,CLE,L
2433,WAS,56,2015-02-22,Away,DET,L
2434,WAS,57,2015-02-24,Home,GSW,L
2435,WAS,58,2015-02-25,Away,MIN,L
2436,WAS,59,2015-02-27,Away,PHI,L
2437,WAS,60,2015-02-28,Home,DET,W
2438,WAS,61,2015-03-03,Away,CHI,L
2439,WAS,62,2015-03-06,Home,MIA,W
2440,WAS,63,2015-03-07,Away,MIL,L
2441,WAS,64,2015-03-09,Away,CHO,W
2442,WAS,65,2015-03-12,Home,MEM,W
2443,WAS,66,2015-03-14,Home,SAC,W
2444,WAS,67,2015-03-16,Home,POR,W
2445,WAS,68,2015-03-18,Away,UTA,W
2446,WAS,69,2015-03-20,Away,LAC,L
2447,WAS,70,2015-03-22,Away,SAC,L
2448,WAS,71,2015-03-23,Away,GSW,L
2449,WAS,72,2015-03-25,Home,IND,L
2450,WAS,73,2015-03-27,Home,CHO,W
2451,WAS,74,2015-03-29,Home,HOU,L
2452,WAS,75,2015-04-01,Home,PHI,W
2453,WAS,76,2015-04-03,Home,NYK,W
2454,WAS,77,2015-04-04,Away,MEM,W
2455,WAS,78,2015-04-08,Away,PHI,W
2456,WAS,79,2015-04-10,Away,BRK,L
2457,WAS,80,2015-04-12,Home,ATL,W
2458,WAS,81,2015-04-14,Away,IND,L
2459,WAS,82,2015-04-15,Away,CLE,L
