,Team,Game,Home,Opponent,WINorLOSS
4920,ATL,1,Home,WAS,W
4921,ATL,2,Away,PHI,W
4922,ATL,3,Home,SAC,W
4923,ATL,4,Home,LAL,L
4924,ATL,5,Away,WAS,L
4925,ATL,6,Home,HOU,W
4926,ATL,7,Away,CLE,W
4927,ATL,8,Home,CHI,W
4928,ATL,9,Home,PHI,W
4929,ATL,10,Away,MIA,W
4930,ATL,11,Home,MIL,W
4931,ATL,12,Away,CHO,L
4932,ATL,13,Away,NYK,L
4933,ATL,14,Home,NOP,L
4934,ATL,15,Away,IND,W
4935,ATL,16,Away,UTA,L
4936,ATL,17,Away,LAL,L
4937,ATL,18,Away,GSW,L
4938,ATL,19,Away,PHO,L
4939,ATL,20,Home,DET,L
4940,ATL,21,Away,TOR,L
4941,ATL,22,Home,OKC,L
4942,ATL,23,Home,MIA,W
4943,ATL,24,Away,MIL,W
4944,ATL,25,Home,ORL,L
4945,ATL,26,Away,TOR,W
4946,ATL,27,Home,CHO,L
4947,ATL,28,Away,OKC,W
4948,ATL,29,Home,MIN,L
4949,ATL,30,Away,DEN,W
4950,ATL,31,Away,MIN,L
4951,ATL,32,Home,NYK,W
4952,ATL,33,Home,DET,W
4953,ATL,34,Home,SAS,W
4954,ATL,35,Away,ORL,W
4955,ATL,36,Away,NOP,W
4956,ATL,37,Away,DAL,W
4957,ATL,38,Away,BRK,W
4958,ATL,39,Home,BOS,L
4959,ATL,40,Home,MIL,W
4960,ATL,41,Away,NYK,W
4961,ATL,42,Away,DET,L
4962,ATL,43,Home,CHI,W
4963,ATL,44,Home,PHI,W
4964,ATL,45,Home,LAC,L
4965,ATL,46,Away,CHI,W
4966,ATL,47,Home,WAS,L
4967,ATL,48,Home,NYK,W
4968,ATL,49,Away,MIA,L
4969,ATL,50,Away,HOU,W
4970,ATL,51,Home,ORL,W
4971,ATL,52,Home,UTA,L
4972,ATL,53,Home,DEN,W
4973,ATL,54,Away,SAC,L
4974,ATL,55,Away,POR,W
4975,ATL,56,Away,LAC,L
4976,ATL,57,Home,MIA,L
4977,ATL,58,Away,ORL,L
4978,ATL,59,Away,BOS,W
4979,ATL,60,Home,DAL,W
4980,ATL,61,Home,CLE,L
4981,ATL,62,Home,IND,L
4982,ATL,63,Home,GSW,L
4983,ATL,64,Home,BRK,W
4984,ATL,65,Home,TOR,W
4985,ATL,66,Away,MEM,W
4986,ATL,67,Away,SAS,L
4987,ATL,68,Home,MEM,L
4988,ATL,69,Home,POR,L
4989,ATL,70,Away,CHO,L
4990,ATL,71,Away,WAS,L
4991,ATL,72,Away,MIL,L
4992,ATL,73,Home,BRK,L
4993,ATL,74,Home,PHO,W
4994,ATL,75,Away,PHI,W
4995,ATL,76,Away,CHI,L
4996,ATL,77,Away,BRK,L
4997,ATL,78,Home,BOS,W
4998,ATL,79,Away,CLE,W
4999,ATL,80,Home,CLE,W
5000,ATL,81,Home,CHO,W
5001,ATL,82,Away,IND,L
5002,BOS,1,Home,BRK,W
5003,BOS,2,Away,CHI,L
5004,BOS,3,Away,CHO,W
5005,BOS,4,Home,CHI,W
5006,BOS,5,Away,CLE,L
5007,BOS,6,Home,DEN,L
5008,BOS,7,Away,WAS,L
5009,BOS,8,Home,NYK,W
5010,BOS,9,Away,IND,W
5011,BOS,10,Away,NOP,L
5012,BOS,11,Home,DAL,W
5013,BOS,12,Home,GSW,L
5014,BOS,13,Away,DET,W
5015,BOS,14,Away,MIN,W
5016,BOS,15,Away,BRK,W
5017,BOS,16,Home,SAS,L
5018,BOS,17,Away,MIA,W
5019,BOS,18,Home,DET,L
5020,BOS,19,Home,SAC,W
5021,BOS,20,Away,PHI,W
5022,BOS,21,Away,HOU,L
5023,BOS,22,Away,ORL,W
5024,BOS,23,Home,TOR,L
5025,BOS,24,Away,OKC,L
5026,BOS,25,Away,SAS,L
5027,BOS,26,Home,CHO,W
5028,BOS,27,Away,MIA,W
5029,BOS,28,Away,MEM,W
5030,BOS,29,Away,IND,W
5031,BOS,30,Home,OKC,L
5032,BOS,31,Away,NYK,W
5033,BOS,32,Home,MEM,W
5034,BOS,33,Away,CLE,L
5035,BOS,34,Home,MIA,W
5036,BOS,35,Home,UTA,W
5037,BOS,36,Home,PHI,W
5038,BOS,37,Home,NOP,W
5039,BOS,38,Away,TOR,L
5040,BOS,39,Home,WAS,W
5041,BOS,40,Away,ATL,W
5042,BOS,41,Home,CHO,W
5043,BOS,42,Home,NYK,L
5044,BOS,43,Home,POR,L
5045,BOS,44,Away,WAS,L
5046,BOS,45,Home,HOU,W
5047,BOS,46,Home,ORL,W
5048,BOS,47,Away,MIL,W
5049,BOS,48,Home,DET,W
5050,BOS,49,Home,TOR,W
5051,BOS,50,Home,LAL,W
5052,BOS,51,Home,LAC,W
5053,BOS,52,Away,SAC,L
5054,BOS,53,Away,POR,W
5055,BOS,54,Away,UTA,W
5056,BOS,55,Away,DAL,W
5057,BOS,56,Home,PHI,W
5058,BOS,57,Away,CHI,L
5059,BOS,58,Away,TOR,L
5060,BOS,59,Away,DET,W
5061,BOS,60,Home,ATL,L
5062,BOS,61,Home,CLE,W
5063,BOS,62,Away,LAL,W
5064,BOS,63,Away,PHO,L
5065,BOS,64,Away,LAC,L
5066,BOS,65,Away,GSW,W
5067,BOS,66,Away,DEN,L
5068,BOS,67,Home,CHI,W
5069,BOS,68,Home,MIN,W
5070,BOS,69,Away,BRK,W
5071,BOS,70,Away,PHI,L
5072,BOS,71,Home,WAS,W
5073,BOS,72,Home,IND,W
5074,BOS,73,Home,PHO,W
5075,BOS,74,Home,MIA,W
5076,BOS,75,Home,MIL,L
5077,BOS,76,Home,ORL,W
5078,BOS,77,Away,NYK,W
5079,BOS,78,Home,CLE,L
5080,BOS,79,Away,ATL,L
5081,BOS,80,Away,CHO,W
5082,BOS,81,Home,BRK,W
5083,BOS,82,Home,MIL,W
5084,BRK,1,Away,BOS,L
5085,BRK,2,Home,IND,W
5086,BRK,3,Away,MIL,L
5087,BRK,4,Home,CHI,L
5088,BRK,5,Home,DET,W
5089,BRK,6,Home,CHO,L
5090,BRK,7,Home,MIN,W
5091,BRK,8,Away,NYK,L
5092,BRK,9,Away,PHO,W
5093,BRK,10,Away,LAC,L
5094,BRK,11,Away,LAL,L
5095,BRK,12,Away,OKC,L
5096,BRK,13,Home,POR,L
5097,BRK,14,Home,BOS,L
5098,BRK,15,Away,IND,L
5099,BRK,16,Home,SAC,L
5100,BRK,17,Home,LAC,W
5101,BRK,18,Home,MIL,L
5102,BRK,19,Away,MIL,L
5103,BRK,20,Home,WAS,L
5104,BRK,21,Home,DEN,W
5105,BRK,22,Away,SAS,L
5106,BRK,23,Away,HOU,L
5107,BRK,24,Home,LAL,W
5108,BRK,25,Away,ORL,L
5109,BRK,26,Away,PHI,L
5110,BRK,27,Away,TOR,L
5111,BRK,28,Home,GSW,L
5112,BRK,29,Away,CLE,L
5113,BRK,30,Home,CHO,W
5114,BRK,31,Away,CHI,L
5115,BRK,32,Away,WAS,L
5116,BRK,33,Home,UTA,L
5117,BRK,34,Away,IND,L
5118,BRK,35,Home,CLE,L
5119,BRK,36,Home,PHI,L
5120,BRK,37,Home,ATL,L
5121,BRK,38,Home,NOP,L
5122,BRK,39,Away,TOR,L
5123,BRK,40,Home,HOU,L
5124,BRK,41,Home,TOR,L
5125,BRK,42,Away,NOP,W
5126,BRK,43,Away,CHO,L
5127,BRK,44,Home,SAS,L
5128,BRK,45,Home,MIA,L
5129,BRK,46,Away,CLE,L
5130,BRK,47,Away,MIN,L
5131,BRK,48,Away,MIA,L
5132,BRK,49,Home,NYK,L
5133,BRK,50,Home,IND,L
5134,BRK,51,Home,TOR,L
5135,BRK,52,Away,CHO,L
5136,BRK,53,Home,WAS,L
5137,BRK,54,Home,MIA,L
5138,BRK,55,Home,MEM,L
5139,BRK,56,Home,MIL,L
5140,BRK,57,Away,DEN,L
5141,BRK,58,Away,GSW,L
5142,BRK,59,Away,SAC,W
5143,BRK,60,Away,UTA,L
5144,BRK,61,Away,POR,L
5145,BRK,62,Away,MEM,W
5146,BRK,63,Away,ATL,L
5147,BRK,64,Away,DAL,L
5148,BRK,65,Home,NYK,W
5149,BRK,66,Home,OKC,L
5150,BRK,67,Away,NYK,W
5151,BRK,68,Home,BOS,L
5152,BRK,69,Home,DAL,L
5153,BRK,70,Home,DET,W
5154,BRK,71,Home,PHO,W
5155,BRK,72,Away,WAS,L
5156,BRK,73,Away,ATL,W
5157,BRK,74,Home,PHI,L
5158,BRK,75,Away,DET,L
5159,BRK,76,Home,ORL,W
5160,BRK,77,Home,ATL,W
5161,BRK,78,Away,PHI,W
5162,BRK,79,Away,ORL,L
5163,BRK,80,Home,CHI,W
5164,BRK,81,Away,BOS,L
5165,BRK,82,Away,CHI,L
5166,CHO,1,Away,MIL,W
5167,CHO,2,Away,MIA,W
5168,CHO,3,Home,BOS,L
5169,CHO,4,Home,PHI,W
5170,CHO,5,Away,BRK,W
5171,CHO,6,Home,IND,W
5172,CHO,7,Home,UTA,W
5173,CHO,8,Home,TOR,L
5174,CHO,9,Away,CLE,L
5175,CHO,10,Away,MIN,W
5176,CHO,11,Home,ATL,W
5177,CHO,12,Away,NOP,L
5178,CHO,13,Home,MEM,L
5179,CHO,14,Home,SAS,L
5180,CHO,15,Away,NYK,L
5181,CHO,16,Home,NYK,W
5182,CHO,17,Away,MEM,W
5183,CHO,18,Home,DET,L
5184,CHO,19,Home,DAL,W
5185,CHO,20,Home,MIN,L
5186,CHO,21,Away,DAL,W
5187,CHO,22,Home,DET,W
5188,CHO,23,Home,ORL,W
5189,CHO,24,Away,CLE,L
5190,CHO,25,Away,IND,L
5191,CHO,26,Away,WAS,L
5192,CHO,27,Away,BOS,L
5193,CHO,28,Away,ATL,W
5194,CHO,29,Home,LAL,W
5195,CHO,30,Home,CHI,W
5196,CHO,31,Away,BRK,L
5197,CHO,32,Away,ORL,W
5198,CHO,33,Home,MIA,W
5199,CHO,34,Home,CLE,L
5200,CHO,35,Away,CHI,L
5201,CHO,36,Home,OKC,W
5202,CHO,37,Away,DET,L
5203,CHO,38,Away,SAS,L
5204,CHO,39,Away,HOU,L
5205,CHO,40,Away,PHI,L
5206,CHO,41,Away,BOS,L
5207,CHO,42,Home,POR,W
5208,CHO,43,Home,TOR,W
5209,CHO,44,Home,BRK,W
5210,CHO,45,Home,WAS,L
5211,CHO,46,Home,GSW,L
5212,CHO,47,Away,NYK,L
5213,CHO,48,Home,SAC,L
5214,CHO,49,Away,POR,L
5215,CHO,50,Away,GSW,L
5216,CHO,51,Away,UTA,L
5217,CHO,52,Home,BRK,W
5218,CHO,53,Home,HOU,L
5219,CHO,54,Home,LAC,L
5220,CHO,55,Home,PHI,L
5221,CHO,56,Away,TOR,L
5222,CHO,57,Away,DET,L
5223,CHO,58,Away,SAC,W
5224,CHO,59,Away,LAC,L
5225,CHO,60,Away,LAL,W
5226,CHO,61,Away,PHO,L
5227,CHO,62,Away,DEN,W
5228,CHO,63,Home,IND,W
5229,CHO,64,Away,MIA,L
5230,CHO,65,Home,ORL,W
5231,CHO,66,Home,NOP,L
5232,CHO,67,Home,CHI,L
5233,CHO,68,Away,IND,L
5234,CHO,69,Home,WAS,W
5235,CHO,70,Home,ATL,W
5236,CHO,71,Away,ORL,W
5237,CHO,72,Home,CLE,L
5238,CHO,73,Home,PHO,W
5239,CHO,74,Home,MIL,L
5240,CHO,75,Away,TOR,W
5241,CHO,76,Home,DEN,W
5242,CHO,77,Away,OKC,W
5243,CHO,78,Away,WAS,L
5244,CHO,79,Home,MIA,L
5245,CHO,80,Home,BOS,L
5246,CHO,81,Away,MIL,L
5247,CHO,82,Away,ATL,L
5248,CHI,1,Home,BOS,W
5249,CHI,2,Home,IND,W
5250,CHI,3,Away,BRK,W
5251,CHI,4,Away,BOS,L
5252,CHI,5,Home,NYK,L
5253,CHI,6,Away,IND,L
5254,CHI,7,Home,ORL,W
5255,CHI,8,Away,ATL,L
5256,CHI,9,Away,MIA,W
5257,CHI,10,Home,WAS,W
5258,CHI,11,Away,POR,W
5259,CHI,12,Away,UTA,W
5260,CHI,13,Away,LAC,L
5261,CHI,14,Away,LAL,W
5262,CHI,15,Away,DEN,L
5263,CHI,16,Away,PHI,W
5264,CHI,17,Home,LAL,L
5265,CHI,18,Home,CLE,W
5266,CHI,19,Away,DAL,L
5267,CHI,20,Home,POR,L
5268,CHI,21,Away,DET,L
5269,CHI,22,Home,SAS,W
5270,CHI,23,Home,MIA,W
5271,CHI,24,Home,MIN,L
5272,CHI,25,Away,MIL,L
5273,CHI,26,Home,MIL,L
5274,CHI,27,Home,DET,W
5275,CHI,28,Home,WAS,L
5276,CHI,29,Away,CHO,L
5277,CHI,30,Away,SAS,L
5278,CHI,31,Home,IND,W
5279,CHI,32,Home,BRK,W
5280,CHI,33,Away,IND,L
5281,CHI,34,Home,MIL,L
5282,CHI,35,Home,CHO,W
5283,CHI,36,Away,CLE,W
5284,CHI,37,Home,TOR,W
5285,CHI,38,Home,OKC,L
5286,CHI,39,Away,WAS,L
5287,CHI,40,Away,NYK,L
5288,CHI,41,Home,NOP,W
5289,CHI,42,Away,MEM,W
5290,CHI,43,Home,DAL,L
5291,CHI,44,Away,ATL,L
5292,CHI,45,Home,SAC,W
5293,CHI,46,Away,ORL,W
5294,CHI,47,Home,ATL,L
5295,CHI,48,Home,MIA,L
5296,CHI,49,Home,PHI,W
5297,CHI,50,Away,OKC,W
5298,CHI,51,Away,HOU,L
5299,CHI,52,Away,SAC,W
5300,CHI,53,Away,GSW,L
5301,CHI,54,Away,PHO,L
5302,CHI,55,Away,MIN,L
5303,CHI,56,Home,TOR,W
5304,CHI,57,Home,BOS,W
5305,CHI,58,Home,PHO,W
5306,CHI,59,Away,CLE,W
5307,CHI,60,Home,DEN,L
5308,CHI,61,Home,GSW,W
5309,CHI,62,Home,LAC,L
5310,CHI,63,Away,DET,L
5311,CHI,64,Away,ORL,L
5312,CHI,65,Home,HOU,L
5313,CHI,66,Away,BOS,L
5314,CHI,67,Away,CHO,W
5315,CHI,68,Home,MEM,L
5316,CHI,69,Away,WAS,L
5317,CHI,70,Home,UTA,W
5318,CHI,71,Away,TOR,L
5319,CHI,72,Home,DET,W
5320,CHI,73,Home,PHI,L
5321,CHI,74,Away,MIL,W
5322,CHI,75,Home,CLE,W
5323,CHI,76,Home,ATL,W
5324,CHI,77,Away,NOP,W
5325,CHI,78,Away,NYK,L
5326,CHI,79,Away,PHI,W
5327,CHI,80,Away,BRK,L
5328,CHI,81,Home,ORL,W
5329,CHI,82,Home,BRK,W
5330,CLE,1,Home,NYK,W
5331,CLE,2,Away,TOR,W
5332,CLE,3,Home,ORL,W
5333,CLE,4,Home,HOU,W
5334,CLE,5,Home,BOS,W
5335,CLE,6,Away,PHI,W
5336,CLE,7,Home,ATL,L
5337,CLE,8,Away,WAS,W
5338,CLE,9,Home,CHO,W
5339,CLE,10,Home,TOR,W
5340,CLE,11,Away,IND,L
5341,CLE,12,Home,DET,W
5342,CLE,13,Home,POR,W
5343,CLE,14,Home,DAL,W
5344,CLE,15,Away,PHI,W
5345,CLE,16,Away,MIL,L
5346,CLE,17,Home,LAC,L
5347,CLE,18,Away,CHI,L
5348,CLE,19,Away,TOR,W
5349,CLE,20,Away,NYK,W
5350,CLE,21,Home,MIA,W
5351,CLE,22,Home,CHO,W
5352,CLE,23,Home,MEM,W
5353,CLE,24,Away,MEM,L
5354,CLE,25,Home,LAL,W
5355,CLE,26,Away,MIL,W
5356,CLE,27,Home,MIL,W
5357,CLE,28,Home,BRK,W
5358,CLE,29,Home,GSW,W
5359,CLE,30,Away,DET,L
5360,CLE,31,Home,BOS,W
5361,CLE,32,Away,CHO,W
5362,CLE,33,Home,NOP,W
5363,CLE,34,Home,CHI,L
5364,CLE,35,Away,BRK,W
5365,CLE,36,Away,PHO,W
5366,CLE,37,Away,UTA,L
5367,CLE,38,Away,POR,L
5368,CLE,39,Away,SAC,W
5369,CLE,40,Away,GSW,L
5370,CLE,41,Home,PHO,W
5371,CLE,42,Home,SAS,L
5372,CLE,43,Away,NOP,L
5373,CLE,44,Home,SAC,L
5374,CLE,45,Home,BRK,W
5375,CLE,46,Home,OKC,W
5376,CLE,47,Away,DAL,L
5377,CLE,48,Home,MIN,W
5378,CLE,49,Away,NYK,W
5379,CLE,50,Away,WAS,W
5380,CLE,51,Away,IND,W
5381,CLE,52,Away,OKC,L
5382,CLE,53,Home,DEN,W
5383,CLE,54,Away,MIN,W
5384,CLE,55,Home,IND,W
5385,CLE,56,Home,NYK,W
5386,CLE,57,Home,CHI,L
5387,CLE,58,Home,MIL,W
5388,CLE,59,Away,BOS,L
5389,CLE,60,Away,ATL,W
5390,CLE,61,Away,MIA,L
5391,CLE,62,Home,MIA,L
5392,CLE,63,Away,DET,L
5393,CLE,64,Away,ORL,W
5394,CLE,65,Away,HOU,L
5395,CLE,66,Home,DET,W
5396,CLE,67,Home,UTA,W
5397,CLE,68,Away,LAC,L
5398,CLE,69,Away,LAL,W
5399,CLE,70,Away,DEN,L
5400,CLE,71,Away,CHO,W
5401,CLE,72,Home,WAS,L
5402,CLE,73,Away,SAS,L
5403,CLE,74,Away,CHI,L
5404,CLE,75,Home,PHI,W
5405,CLE,76,Home,IND,W
5406,CLE,77,Home,ORL,W
5407,CLE,78,Away,BOS,W
5408,CLE,79,Home,ATL,L
5409,CLE,80,Away,ATL,L
5410,CLE,81,Away,MIA,L
5411,CLE,82,Home,TOR,L
5412,DAL,1,Away,IND,L
5413,DAL,2,Home,HOU,L
5414,DAL,3,Away,HOU,L
5415,DAL,4,Away,UTA,L
5416,DAL,5,Home,POR,L
5417,DAL,6,Home,MIL,W
5418,DAL,7,Away,LAL,W
5419,DAL,8,Away,GSW,L
5420,DAL,9,Away,NYK,L
5421,DAL,10,Away,BOS,L
5422,DAL,11,Home,MEM,L
5423,DAL,12,Away,ORL,L
5424,DAL,13,Away,SAS,L
5425,DAL,14,Home,LAC,L
5426,DAL,15,Away,CLE,L
5427,DAL,16,Home,NOP,W
5428,DAL,17,Home,SAS,L
5429,DAL,18,Away,CHO,L
5430,DAL,19,Home,CHI,W
5431,DAL,20,Home,CHO,L
5432,DAL,21,Home,SAC,L
5433,DAL,22,Home,IND,W
5434,DAL,23,Away,HOU,L
5435,DAL,24,Home,DEN,W
5436,DAL,25,Home,DET,L
5437,DAL,26,Away,UTA,L
5438,DAL,27,Home,SAC,W
5439,DAL,28,Away,DEN,L
5440,DAL,29,Away,POR,W
5441,DAL,30,Away,LAC,W
5442,DAL,31,Away,NOP,L
5443,DAL,32,Home,HOU,L
5444,DAL,33,Away,LAL,W
5445,DAL,34,Away,GSW,L
5446,DAL,35,Home,WAS,W
5447,DAL,36,Home,PHO,L
5448,DAL,37,Home,ATL,L
5449,DAL,38,Away,MIN,L
5450,DAL,39,Away,PHO,W
5451,DAL,40,Home,MIN,W
5452,DAL,41,Away,CHI,W
5453,DAL,42,Away,MIA,L
5454,DAL,43,Home,UTA,L
5455,DAL,44,Home,LAL,W
5456,DAL,45,Home,NYK,W
5457,DAL,46,Away,OKC,L
5458,DAL,47,Away,SAS,W
5459,DAL,48,Home,CLE,W
5460,DAL,49,Home,PHI,W
5461,DAL,50,Away,POR,W
5462,DAL,51,Away,DEN,L
5463,DAL,52,Home,POR,L
5464,DAL,53,Home,UTA,W
5465,DAL,54,Home,ORL,W
5466,DAL,55,Home,BOS,L
5467,DAL,56,Away,DET,L
5468,DAL,57,Away,MIN,L
5469,DAL,58,Home,NOP,W
5470,DAL,59,Home,MIA,W
5471,DAL,60,Away,ATL,L
5472,DAL,61,Home,MEM,W
5473,DAL,62,Home,OKC,W
5474,DAL,63,Home,LAL,W
5475,DAL,64,Home,BRK,W
5476,DAL,65,Home,PHO,L
5477,DAL,66,Away,TOR,L
5478,DAL,67,Away,WAS,W
5479,DAL,68,Away,PHI,L
5480,DAL,69,Away,BRK,W
5481,DAL,70,Home,GSW,L
5482,DAL,71,Home,LAC,W
5483,DAL,72,Home,TOR,L
5484,DAL,73,Home,OKC,L
5485,DAL,74,Away,NOP,L
5486,DAL,75,Away,MEM,L
5487,DAL,76,Away,MIL,W
5488,DAL,77,Away,SAC,L
5489,DAL,78,Away,LAC,L
5490,DAL,79,Home,SAS,L
5491,DAL,80,Away,PHO,L
5492,DAL,81,Home,DEN,L
5493,DAL,82,Away,MEM,W
5494,DEN,1,Away,NOP,W
5495,DEN,2,Home,POR,L
5496,DEN,3,Away,TOR,L
5497,DEN,4,Away,MIN,W
5498,DEN,5,Away,DET,L
5499,DEN,6,Away,BOS,W
5500,DEN,7,Away,MEM,L
5501,DEN,8,Home,GSW,L
5502,DEN,9,Home,DET,L
5503,DEN,10,Away,POR,L
5504,DEN,11,Home,PHO,W
5505,DEN,12,Home,TOR,L
5506,DEN,13,Home,UTA,W
5507,DEN,14,Home,CHI,W
5508,DEN,15,Away,UTA,L
5509,DEN,16,Home,OKC,L
5510,DEN,17,Away,PHO,W
5511,DEN,18,Home,MIA,L
5512,DEN,19,Home,HOU,L
5513,DEN,20,Away,UTA,L
5514,DEN,21,Away,PHI,W
5515,DEN,22,Away,BRK,L
5516,DEN,23,Away,WAS,L
5517,DEN,24,Away,ORL,W
5518,DEN,25,Away,DAL,L
5519,DEN,26,Home,POR,W
5520,DEN,27,Home,NYK,W
5521,DEN,28,Home,DAL,W
5522,DEN,29,Away,LAC,L
5523,DEN,30,Home,ATL,L
5524,DEN,31,Away,LAC,W
5525,DEN,32,Home,MIN,W
5526,DEN,33,Home,PHI,L
5527,DEN,34,Away,GSW,L
5528,DEN,35,Home,SAC,L
5529,DEN,36,Home,SAS,L
5530,DEN,37,Away,OKC,L
5531,DEN,38,Home,IND,W
5532,DEN,39,Home,ORL,W
5533,DEN,40,Away,LAL,W
5534,DEN,41,Away,SAS,L
5535,DEN,42,Home,LAC,W
5536,DEN,43,Away,MIN,L
5537,DEN,44,Home,UTA,W
5538,DEN,45,Home,PHO,W
5539,DEN,46,Away,PHO,W
5540,DEN,47,Away,LAL,L
5541,DEN,48,Home,MEM,L
5542,DEN,49,Home,MIL,W
5543,DEN,50,Away,SAS,L
5544,DEN,51,Home,DAL,W
5545,DEN,52,Away,ATL,L
5546,DEN,53,Away,NYK,W
5547,DEN,54,Away,CLE,L
5548,DEN,55,Home,GSW,W
5549,DEN,56,Home,MIN,L
5550,DEN,57,Away,SAC,L
5551,DEN,58,Home,BRK,W
5552,DEN,59,Home,MEM,L
5553,DEN,60,Away,CHI,W
5554,DEN,61,Away,MIL,W
5555,DEN,62,Home,CHO,L
5556,DEN,63,Home,SAC,W
5557,DEN,64,Home,WAS,L
5558,DEN,65,Home,BOS,W
5559,DEN,66,Away,SAC,W
5560,DEN,67,Home,LAL,W
5561,DEN,68,Home,LAC,W
5562,DEN,69,Home,HOU,L
5563,DEN,70,Away,HOU,L
5564,DEN,71,Home,CLE,W
5565,DEN,72,Away,IND,W
5566,DEN,73,Home,NOP,L
5567,DEN,74,Away,POR,L
5568,DEN,75,Away,CHO,L
5569,DEN,76,Away,MIA,W
5570,DEN,77,Away,NOP,W
5571,DEN,78,Away,HOU,L
5572,DEN,79,Home,NOP,W
5573,DEN,80,Home,OKC,L
5574,DEN,81,Away,DAL,W
5575,DEN,82,Away,OKC,W
5576,DET,1,Away,TOR,L
5577,DET,2,Home,ORL,W
5578,DET,3,Home,MIL,W
5579,DET,4,Home,NYK,W
5580,DET,5,Away,BRK,L
5581,DET,6,Home,DEN,W
5582,DET,7,Away,LAC,L
5583,DET,8,Away,PHO,L
5584,DET,9,Away,SAS,L
5585,DET,10,Away,DEN,W
5586,DET,11,Home,OKC,W
5587,DET,12,Away,NYK,L
5588,DET,13,Away,CLE,L
5589,DET,14,Home,BOS,L
5590,DET,15,Home,HOU,L
5591,DET,16,Home,MIA,W
5592,DET,17,Home,LAC,W
5593,DET,18,Away,OKC,L
5594,DET,19,Away,CHO,W
5595,DET,20,Away,BOS,W
5596,DET,21,Away,ATL,W
5597,DET,22,Home,ORL,L
5598,DET,23,Home,CHI,W
5599,DET,24,Away,CHO,L
5600,DET,25,Away,MIN,W
5601,DET,26,Home,PHI,L
5602,DET,27,Away,DAL,W
5603,DET,28,Away,WAS,L
5604,DET,29,Home,IND,L
5605,DET,30,Away,CHI,L
5606,DET,31,Home,MEM,L
5607,DET,32,Home,GSW,L
5608,DET,33,Home,CLE,W
5609,DET,34,Home,MIL,L
5610,DET,35,Away,ATL,L
5611,DET,36,Away,MIA,W
5612,DET,37,Home,IND,L
5613,DET,38,Home,CHO,W
5614,DET,39,Away,POR,W
5615,DET,40,Away,SAC,L
5616,DET,41,Away,GSW,L
5617,DET,42,Away,UTA,L
5618,DET,43,Away,LAL,W
5619,DET,44,Home,ATL,W
5620,DET,45,Home,WAS,W
5621,DET,46,Home,SAC,L
5622,DET,47,Away,MIA,L
5623,DET,48,Away,BOS,L
5624,DET,49,Home,NOP,W
5625,DET,50,Home,MIN,W
5626,DET,51,Away,IND,L
5627,DET,52,Home,PHI,W
5628,DET,53,Home,LAL,W
5629,DET,54,Home,SAS,L
5630,DET,55,Away,TOR,W
5631,DET,56,Away,MIL,L
5632,DET,57,Home,DAL,W
5633,DET,58,Home,CHO,W
5634,DET,59,Home,BOS,L
5635,DET,60,Home,POR,W
5636,DET,61,Away,NOP,L
5637,DET,62,Away,PHI,W
5638,DET,63,Home,CHI,W
5639,DET,64,Away,IND,L
5640,DET,65,Home,CLE,W
5641,DET,66,Home,NYK,W
5642,DET,67,Away,CLE,L
5643,DET,68,Home,UTA,L
5644,DET,69,Home,TOR,L
5645,DET,70,Home,PHO,W
5646,DET,71,Away,BRK,L
5647,DET,72,Away,CHI,L
5648,DET,73,Away,ORL,L
5649,DET,74,Away,NYK,L
5650,DET,75,Home,MIA,L
5651,DET,76,Home,BRK,W
5652,DET,77,Away,MIL,L
5653,DET,78,Home,TOR,L
5654,DET,79,Away,HOU,W
5655,DET,80,Away,MEM,W
5656,DET,81,Home,WAS,L
5657,DET,82,Away,ORL,L
5658,GSW,1,Home,SAS,L
5659,GSW,2,Away,NOP,W
5660,GSW,3,Away,PHO,W
5661,GSW,4,Away,POR,W
5662,GSW,5,Home,OKC,W
5663,GSW,6,Away,LAL,L
5664,GSW,7,Home,NOP,W
5665,GSW,8,Home,DAL,W
5666,GSW,9,Away,DEN,W
5667,GSW,10,Home,PHO,W
5668,GSW,11,Away,TOR,W
5669,GSW,12,Away,BOS,W
5670,GSW,13,Away,MIL,W
5671,GSW,14,Away,IND,W
5672,GSW,15,Home,LAL,W
5673,GSW,16,Away,LAL,W
5674,GSW,17,Home,MIN,W
5675,GSW,18,Home,ATL,W
5676,GSW,19,Home,HOU,L
5677,GSW,20,Home,PHO,W
5678,GSW,21,Home,IND,W
5679,GSW,22,Away,LAC,W
5680,GSW,23,Away,UTA,W
5681,GSW,24,Away,MEM,L
5682,GSW,25,Away,MIN,W
5683,GSW,26,Away,NOP,W
5684,GSW,27,Home,NYK,W
5685,GSW,28,Home,POR,W
5686,GSW,29,Home,UTA,W
5687,GSW,30,Away,BRK,W
5688,GSW,31,Away,DET,W
5689,GSW,32,Away,CLE,L
5690,GSW,33,Home,TOR,W
5691,GSW,34,Home,DAL,W
5692,GSW,35,Home,DEN,W
5693,GSW,36,Home,POR,W
5694,GSW,37,Home,MEM,L
5695,GSW,38,Away,SAC,W
5696,GSW,39,Home,MIA,W
5697,GSW,40,Home,DET,W
5698,GSW,41,Home,CLE,W
5699,GSW,42,Home,OKC,W
5700,GSW,43,Away,HOU,W
5701,GSW,44,Away,ORL,W
5702,GSW,45,Away,MIA,L
5703,GSW,46,Away,CHO,W
5704,GSW,47,Home,LAC,W
5705,GSW,48,Away,POR,W
5706,GSW,49,Home,CHO,W
5707,GSW,50,Away,LAC,W
5708,GSW,51,Away,SAC,L
5709,GSW,52,Home,CHI,W
5710,GSW,53,Away,MEM,W
5711,GSW,54,Away,OKC,W
5712,GSW,55,Away,DEN,L
5713,GSW,56,Home,SAC,W
5714,GSW,57,Home,LAC,W
5715,GSW,58,Home,BRK,W
5716,GSW,59,Away,PHI,W
5717,GSW,60,Away,WAS,L
5718,GSW,61,Away,CHI,L
5719,GSW,62,Away,NYK,W
5720,GSW,63,Away,ATL,W
5721,GSW,64,Home,BOS,L
5722,GSW,65,Away,MIN,L
5723,GSW,66,Away,SAS,L
5724,GSW,67,Home,PHI,W
5725,GSW,68,Home,ORL,W
5726,GSW,69,Home,MIL,W
5727,GSW,70,Away,OKC,W
5728,GSW,71,Away,DAL,W
5729,GSW,72,Home,SAC,W
5730,GSW,73,Home,MEM,W
5731,GSW,74,Away,HOU,W
5732,GSW,75,Away,SAS,W
5733,GSW,76,Home,HOU,W
5734,GSW,77,Home,WAS,W
5735,GSW,78,Home,MIN,W
5736,GSW,79,Away,PHO,W
5737,GSW,80,Home,NOP,W
5738,GSW,81,Home,UTA,L
5739,GSW,82,Home,LAL,W
5740,HOU,1,Away,LAL,L
5741,HOU,2,Away,DAL,W
5742,HOU,3,Home,DAL,W
5743,HOU,4,Away,CLE,L
5744,HOU,5,Away,NYK,W
5745,HOU,6,Away,ATL,L
5746,HOU,7,Away,WAS,W
5747,HOU,8,Away,SAS,W
5748,HOU,9,Home,SAS,L
5749,HOU,10,Home,PHI,W
5750,HOU,11,Away,OKC,L
5751,HOU,12,Home,POR,W
5752,HOU,13,Home,UTA,W
5753,HOU,14,Away,DET,W
5754,HOU,15,Home,TOR,L
5755,HOU,16,Away,SAC,W
5756,HOU,17,Away,POR,W
5757,HOU,18,Away,UTA,L
5758,HOU,19,Away,GSW,W
5759,HOU,20,Away,DEN,W
5760,HOU,21,Home,BOS,W
5761,HOU,22,Home,LAL,W
5762,HOU,23,Away,OKC,W
5763,HOU,24,Home,DAL,W
5764,HOU,25,Home,BRK,W
5765,HOU,26,Home,SAC,W
5766,HOU,27,Home,NOP,W
5767,HOU,28,Away,MIN,W
5768,HOU,29,Home,SAS,L
5769,HOU,30,Away,PHO,W
5770,HOU,31,Away,MEM,L
5771,HOU,32,Home,PHO,W
5772,HOU,33,Away,DAL,W
5773,HOU,34,Home,LAC,W
5774,HOU,35,Home,NYK,W
5775,HOU,36,Home,WAS,W
5776,HOU,37,Home,OKC,W
5777,HOU,38,Away,ORL,W
5778,HOU,39,Away,TOR,W
5779,HOU,40,Home,CHO,W
5780,HOU,41,Away,MIN,L
5781,HOU,42,Home,MEM,L
5782,HOU,43,Away,BRK,W
5783,HOU,44,Away,MIA,L
5784,HOU,45,Home,MIL,W
5785,HOU,46,Home,GSW,L
5786,HOU,47,Away,MEM,W
5787,HOU,48,Away,MIL,L
5788,HOU,49,Away,BOS,L
5789,HOU,50,Away,PHI,W
5790,HOU,51,Away,IND,L
5791,HOU,52,Home,SAC,W
5792,HOU,53,Home,ATL,L
5793,HOU,54,Home,CHI,W
5794,HOU,55,Home,ORL,W
5795,HOU,56,Away,CHO,W
5796,HOU,57,Home,PHO,W
5797,HOU,58,Home,MIA,L
5798,HOU,59,Away,NOP,W
5799,HOU,60,Home,MIN,W
5800,HOU,61,Home,IND,L
5801,HOU,62,Away,LAC,W
5802,HOU,63,Home,MEM,W
5803,HOU,64,Away,SAS,L
5804,HOU,65,Home,UTA,L
5805,HOU,66,Away,CHI,W
5806,HOU,67,Home,CLE,W
5807,HOU,68,Home,LAL,W
5808,HOU,69,Away,NOP,L
5809,HOU,70,Away,DEN,W
5810,HOU,71,Home,DEN,W
5811,HOU,72,Home,NOP,W
5812,HOU,73,Home,OKC,W
5813,HOU,74,Home,GSW,L
5814,HOU,75,Away,POR,L
5815,HOU,76,Away,GSW,L
5816,HOU,77,Away,PHO,W
5817,HOU,78,Home,DEN,W
5818,HOU,79,Home,DET,L
5819,HOU,80,Away,SAC,W
5820,HOU,81,Away,LAC,L
5821,HOU,82,Home,MIN,W
5822,IND,1,Home,DAL,W
5823,IND,2,Away,BRK,L
5824,IND,3,Away,CHI,L
5825,IND,4,Home,LAL,W
5826,IND,5,Away,MIL,L
5827,IND,6,Home,CHI,W
5828,IND,7,Away,CHO,L
5829,IND,8,Home,PHI,W
5830,IND,9,Away,PHI,L
5831,IND,10,Home,BOS,L
5832,IND,11,Home,ORL,W
5833,IND,12,Home,CLE,W
5834,IND,13,Home,PHO,L
5835,IND,14,Away,OKC,W
5836,IND,15,Home,GSW,L
5837,IND,16,Home,ATL,L
5838,IND,17,Home,BRK,W
5839,IND,18,Home,LAC,W
5840,IND,19,Away,POR,L
5841,IND,20,Away,LAC,W
5842,IND,21,Away,GSW,L
5843,IND,22,Away,PHO,W
5844,IND,23,Away,DAL,L
5845,IND,24,Home,POR,W
5846,IND,25,Home,CHO,W
5847,IND,26,Away,MIA,L
5848,IND,27,Away,NOP,L
5849,IND,28,Away,DET,W
5850,IND,29,Home,WAS,W
5851,IND,30,Away,NYK,L
5852,IND,31,Home,BOS,L
5853,IND,32,Away,CHI,L
5854,IND,33,Away,WAS,L
5855,IND,34,Home,CHI,W
5856,IND,35,Home,ORL,W
5857,IND,36,Away,DET,W
5858,IND,37,Home,BRK,W
5859,IND,38,Home,NYK,W
5860,IND,39,Away,DEN,L
5861,IND,40,Home,NOP,W
5862,IND,41,Away,SAC,W
5863,IND,42,Away,LAL,L
5864,IND,43,Away,UTA,L
5865,IND,44,Home,NYK,L
5866,IND,45,Away,MIN,W
5867,IND,46,Home,SAC,W
5868,IND,47,Home,HOU,W
5869,IND,48,Away,ORL,W
5870,IND,49,Away,BRK,W
5871,IND,50,Home,DET,W
5872,IND,51,Home,OKC,W
5873,IND,52,Home,CLE,L
5874,IND,53,Away,WAS,L
5875,IND,54,Home,MIL,L
5876,IND,55,Home,SAS,L
5877,IND,56,Away,CLE,L
5878,IND,57,Home,WAS,L
5879,IND,58,Home,MEM,W
5880,IND,59,Away,MIA,L
5881,IND,60,Away,HOU,W
5882,IND,61,Away,SAS,L
5883,IND,62,Away,ATL,W
5884,IND,63,Away,CHO,L
5885,IND,64,Home,DET,W
5886,IND,65,Away,MIL,L
5887,IND,66,Home,MIA,W
5888,IND,67,Away,NYK,L
5889,IND,68,Home,CHO,W
5890,IND,69,Away,TOR,L
5891,IND,70,Home,UTA,W
5892,IND,71,Away,BOS,L
5893,IND,72,Home,DEN,L
5894,IND,73,Home,PHI,W
5895,IND,74,Home,MIN,L
5896,IND,75,Away,MEM,L
5897,IND,76,Away,TOR,L
5898,IND,77,Away,CLE,L
5899,IND,78,Home,TOR,W
5900,IND,79,Home,MIL,W
5901,IND,80,Away,ORL,W
5902,IND,81,Away,PHI,W
5903,IND,82,Home,ATL,W
5904,LAC,1,Away,POR,W
5905,LAC,2,Home,UTA,W
5906,LAC,3,Home,PHO,W
5907,LAC,4,Home,OKC,L
5908,LAC,5,Away,MEM,W
5909,LAC,6,Away,SAS,W
5910,LAC,7,Home,DET,W
5911,LAC,8,Home,POR,W
5912,LAC,9,Away,OKC,W
5913,LAC,10,Away,MIN,W
5914,LAC,11,Home,BRK,W
5915,LAC,12,Home,MEM,L
5916,LAC,13,Away,SAC,W
5917,LAC,14,Home,CHI,W
5918,LAC,15,Home,TOR,W
5919,LAC,16,Away,DAL,W
5920,LAC,17,Away,DET,L
5921,LAC,18,Away,IND,L
5922,LAC,19,Away,BRK,L
5923,LAC,20,Away,CLE,W
5924,LAC,21,Away,NOP,W
5925,LAC,22,Home,IND,L
5926,LAC,23,Home,GSW,L
5927,LAC,24,Home,NOP,W
5928,LAC,25,Home,POR,W
5929,LAC,26,Away,ORL,W
5930,LAC,27,Away,MIA,W
5931,LAC,28,Away,WAS,L
5932,LAC,29,Home,DEN,W
5933,LAC,30,Home,SAS,W
5934,LAC,31,Home,DAL,L
5935,LAC,32,Away,LAL,L
5936,LAC,33,Home,DEN,L
5937,LAC,34,Away,NOP,L
5938,LAC,35,Away,HOU,L
5939,LAC,36,Away,OKC,L
5940,LAC,37,Home,PHO,W
5941,LAC,38,Home,MEM,W
5942,LAC,39,Away,SAC,W
5943,LAC,40,Home,MIA,W
5944,LAC,41,Home,ORL,W
5945,LAC,42,Home,LAL,W
5946,LAC,43,Home,OKC,W
5947,LAC,44,Home,MIN,L
5948,LAC,45,Away,DEN,L
5949,LAC,46,Away,ATL,W
5950,LAC,47,Away,PHI,L
5951,LAC,48,Away,GSW,L
5952,LAC,49,Away,PHO,W
5953,LAC,50,Home,GSW,L
5954,LAC,51,Away,BOS,L
5955,LAC,52,Away,TOR,L
5956,LAC,53,Away,NYK,W
5957,LAC,54,Away,CHO,W
5958,LAC,55,Away,UTA,W
5959,LAC,56,Home,ATL,W
5960,LAC,57,Away,GSW,L
5961,LAC,58,Home,SAS,L
5962,LAC,59,Home,CHO,W
5963,LAC,60,Home,HOU,L
5964,LAC,61,Away,MIL,L
5965,LAC,62,Away,CHI,W
5966,LAC,63,Home,BOS,W
5967,LAC,64,Away,MIN,L
5968,LAC,65,Away,MEM,W
5969,LAC,66,Home,PHI,W
5970,LAC,67,Away,UTA,L
5971,LAC,68,Home,MIL,L
5972,LAC,69,Away,DEN,L
5973,LAC,70,Home,CLE,W
5974,LAC,71,Home,NYK,W
5975,LAC,72,Away,LAL,W
5976,LAC,73,Away,DAL,L
5977,LAC,74,Home,UTA,W
5978,LAC,75,Home,SAC,L
5979,LAC,76,Home,WAS,W
5980,LAC,77,Away,PHO,W
5981,LAC,78,Home,LAL,W
5982,LAC,79,Home,DAL,W
5983,LAC,80,Away,SAS,W
5984,LAC,81,Home,HOU,W
5985,LAC,82,Home,SAC,W
5986,LAL,1,Home,HOU,W
5987,LAL,2,Away,UTA,L
5988,LAL,3,Away,OKC,L
5989,LAL,4,Away,IND,L
5990,LAL,5,Away,ATL,W
5991,LAL,6,Home,GSW,W
5992,LAL,7,Home,PHO,W
5993,LAL,8,Home,DAL,L
5994,LAL,9,Away,SAC,W
5995,LAL,10,Away,NOP,W
5996,LAL,11,Away,MIN,L
5997,LAL,12,Home,BRK,W
5998,LAL,13,Home,SAS,L
5999,LAL,14,Home,CHI,L
6000,LAL,15,Home,OKC,W
6001,LAL,16,Away,GSW,L
6002,LAL,17,Home,GSW,L
6003,LAL,18,Home,ATL,W
6004,LAL,19,Away,NOP,L
6005,LAL,20,Away,CHI,W
6006,LAL,21,Away,TOR,L
6007,LAL,22,Away,MEM,L
6008,LAL,23,Home,UTA,L
6009,LAL,24,Away,HOU,L
6010,LAL,25,Home,PHO,L
6011,LAL,26,Home,NYK,L
6012,LAL,27,Away,SAC,L
6013,LAL,28,Away,BRK,L
6014,LAL,29,Away,PHI,W
6015,LAL,30,Away,CLE,L
6016,LAL,31,Away,CHO,L
6017,LAL,32,Away,MIA,L
6018,LAL,33,Away,ORL,L
6019,LAL,34,Home,LAC,W
6020,LAL,35,Home,UTA,L
6021,LAL,36,Home,DAL,L
6022,LAL,37,Home,TOR,L
6023,LAL,38,Home,MEM,W
6024,LAL,39,Away,POR,L
6025,LAL,40,Home,MIA,W
6026,LAL,41,Home,ORL,W
6027,LAL,42,Home,POR,L
6028,LAL,43,Away,SAS,L
6029,LAL,44,Away,LAC,L
6030,LAL,45,Home,DET,L
6031,LAL,46,Home,DEN,L
6032,LAL,47,Home,IND,W
6033,LAL,48,Away,DAL,L
6034,LAL,49,Away,POR,L
6035,LAL,50,Away,UTA,L
6036,LAL,51,Home,DEN,W
6037,LAL,52,Away,WAS,L
6038,LAL,53,Away,BOS,L
6039,LAL,54,Away,NYK,W
6040,LAL,55,Away,DET,L
6041,LAL,56,Away,MIL,W
6042,LAL,57,Home,SAC,L
6043,LAL,58,Away,PHO,L
6044,LAL,59,Away,OKC,L
6045,LAL,60,Home,SAS,L
6046,LAL,61,Home,CHO,L
6047,LAL,62,Home,BOS,L
6048,LAL,63,Home,NOP,L
6049,LAL,64,Away,DAL,L
6050,LAL,65,Away,PHO,W
6051,LAL,66,Home,PHI,L
6052,LAL,67,Away,DEN,L
6053,LAL,68,Away,HOU,L
6054,LAL,69,Home,MIL,L
6055,LAL,70,Home,CLE,L
6056,LAL,71,Home,LAC,L
6057,LAL,72,Home,MIN,W
6058,LAL,73,Home,POR,L
6059,LAL,74,Home,WAS,L
6060,LAL,75,Away,MIN,L
6061,LAL,76,Away,LAC,L
6062,LAL,77,Home,MEM,W
6063,LAL,78,Away,SAS,W
6064,LAL,79,Home,SAC,W
6065,LAL,80,Home,MIN,W
6066,LAL,81,Home,NOP,W
6067,LAL,82,Away,GSW,L
6068,MEM,1,Home,MIN,W
6069,MEM,2,Away,NYK,L
6070,MEM,3,Home,WAS,W
6071,MEM,4,Away,MIN,L
6072,MEM,5,Home,NOP,W
6073,MEM,6,Home,LAC,L
6074,MEM,7,Home,POR,L
6075,MEM,8,Home,DEN,W
6076,MEM,9,Away,MIL,L
6077,MEM,10,Away,UTA,W
6078,MEM,11,Away,LAC,W
6079,MEM,12,Away,DAL,W
6080,MEM,13,Home,MIN,W
6081,MEM,14,Away,CHO,W
6082,MEM,15,Away,PHI,W
6083,MEM,16,Home,MIA,L
6084,MEM,17,Away,MIA,W
6085,MEM,18,Home,CHO,L
6086,MEM,19,Away,TOR,L
6087,MEM,20,Home,ORL,W
6088,MEM,21,Home,LAL,W
6089,MEM,22,Away,NOP,W
6090,MEM,23,Home,PHI,W
6091,MEM,24,Home,POR,W
6092,MEM,25,Home,GSW,W
6093,MEM,26,Away,CLE,L
6094,MEM,27,Home,CLE,W
6095,MEM,28,Home,SAC,L
6096,MEM,29,Home,UTA,L
6097,MEM,30,Home,BOS,L
6098,MEM,31,Away,DET,W
6099,MEM,32,Home,HOU,W
6100,MEM,33,Away,ORL,L
6101,MEM,34,Away,BOS,L
6102,MEM,35,Home,OKC,W
6103,MEM,36,Away,SAC,W
6104,MEM,37,Away,LAL,L
6105,MEM,38,Away,LAC,L
6106,MEM,39,Away,GSW,W
6107,MEM,40,Home,UTA,W
6108,MEM,41,Away,OKC,L
6109,MEM,42,Away,HOU,W
6110,MEM,43,Home,CHI,L
6111,MEM,44,Away,WAS,L
6112,MEM,45,Home,SAC,W
6113,MEM,46,Home,HOU,L
6114,MEM,47,Home,TOR,W
6115,MEM,48,Away,POR,L
6116,MEM,49,Away,UTA,W
6117,MEM,50,Away,PHO,W
6118,MEM,51,Away,DEN,W
6119,MEM,52,Away,OKC,L
6120,MEM,53,Away,MIN,W
6121,MEM,54,Home,SAS,W
6122,MEM,55,Home,PHO,W
6123,MEM,56,Home,GSW,L
6124,MEM,57,Away,BRK,W
6125,MEM,58,Home,NOP,L
6126,MEM,59,Away,IND,L
6127,MEM,60,Away,DEN,W
6128,MEM,61,Home,PHO,W
6129,MEM,62,Away,DAL,L
6130,MEM,63,Away,HOU,L
6131,MEM,64,Home,BRK,L
6132,MEM,65,Home,LAC,L
6133,MEM,66,Home,ATL,L
6134,MEM,67,Home,MIL,W
6135,MEM,68,Away,CHI,W
6136,MEM,69,Away,ATL,W
6137,MEM,70,Home,SAS,W
6138,MEM,71,Away,NOP,L
6139,MEM,72,Away,SAS,L
6140,MEM,73,Away,GSW,L
6141,MEM,74,Away,SAC,L
6142,MEM,75,Home,IND,W
6143,MEM,76,Home,DAL,W
6144,MEM,77,Away,LAL,L
6145,MEM,78,Away,SAS,L
6146,MEM,79,Home,OKC,L
6147,MEM,80,Home,NYK,W
6148,MEM,81,Home,DET,L
6149,MEM,82,Home,DAL,L
6150,MIA,1,Away,ORL,W
6151,MIA,2,Home,CHO,L
6152,MIA,3,Home,SAS,L
6153,MIA,4,Home,SAC,W
6154,MIA,5,Away,TOR,L
6155,MIA,6,Away,OKC,L
6156,MIA,7,Home,CHI,L
6157,MIA,8,Home,UTA,L
6158,MIA,9,Away,SAS,L
6159,MIA,10,Home,ATL,L
6160,MIA,11,Home,MIL,W
6161,MIA,12,Away,WAS,W
6162,MIA,13,Away,PHI,L
6163,MIA,14,Away,DET,L
6164,MIA,15,Away,MEM,W
6165,MIA,16,Home,MEM,L
6166,MIA,17,Home,BOS,L
6167,MIA,18,Away,DEN,W
6168,MIA,19,Away,UTA,W
6169,MIA,20,Away,POR,L
6170,MIA,21,Home,NYK,L
6171,MIA,22,Away,ATL,L
6172,MIA,23,Away,CLE,L
6173,MIA,24,Away,CHI,L
6174,MIA,25,Home,WAS,W
6175,MIA,26,Home,IND,W
6176,MIA,27,Home,LAC,L
6177,MIA,28,Home,BOS,L
6178,MIA,29,Home,ORL,L
6179,MIA,30,Home,LAL,W
6180,MIA,31,Away,NOP,L
6181,MIA,32,Home,OKC,L
6182,MIA,33,Away,CHO,L
6183,MIA,34,Away,BOS,L
6184,MIA,35,Home,DET,L
6185,MIA,36,Away,PHO,L
6186,MIA,37,Away,SAC,W
6187,MIA,38,Away,LAL,L
6188,MIA,39,Away,LAC,L
6189,MIA,40,Away,GSW,L
6190,MIA,41,Away,MIL,L
6191,MIA,42,Home,HOU,W
6192,MIA,43,Home,DAL,W
6193,MIA,44,Home,MIL,W
6194,MIA,45,Home,GSW,W
6195,MIA,46,Away,BRK,W
6196,MIA,47,Away,CHI,W
6197,MIA,48,Home,DET,W
6198,MIA,49,Home,BRK,W
6199,MIA,50,Home,ATL,W
6200,MIA,51,Home,PHI,W
6201,MIA,52,Away,MIN,W
6202,MIA,53,Away,MIL,W
6203,MIA,54,Away,BRK,W
6204,MIA,55,Away,PHI,L
6205,MIA,56,Home,ORL,L
6206,MIA,57,Away,HOU,W
6207,MIA,58,Away,ATL,W
6208,MIA,59,Home,IND,W
6209,MIA,60,Away,DAL,L
6210,MIA,61,Home,PHI,W
6211,MIA,62,Away,ORL,L
6212,MIA,63,Home,CLE,W
6213,MIA,64,Away,CLE,W
6214,MIA,65,Home,CHO,W
6215,MIA,66,Home,TOR,W
6216,MIA,67,Away,IND,L
6217,MIA,68,Home,NOP,W
6218,MIA,69,Home,MIN,W
6219,MIA,70,Home,POR,L
6220,MIA,71,Home,PHO,W
6221,MIA,72,Home,TOR,L
6222,MIA,73,Away,BOS,L
6223,MIA,74,Away,DET,W
6224,MIA,75,Away,NYK,W
6225,MIA,76,Home,NYK,L
6226,MIA,77,Home,DEN,L
6227,MIA,78,Away,CHO,W
6228,MIA,79,Away,TOR,L
6229,MIA,80,Away,WAS,W
6230,MIA,81,Home,CLE,W
6231,MIA,82,Home,WAS,W
6232,MIL,1,Home,CHO,L
6233,MIL,2,Home,BRK,W
6234,MIL,3,Away,DET,L
6235,MIL,4,Away,NOP,W
6236,MIL,5,Home,IND,W
6237,MIL,6,Home,SAC,W
6238,MIL,7,Away,DAL,L
6239,MIL,8,Home,NOP,L
6240,MIL,9,Home,MEM,W
6241,MIL,10,Away,ATL,L
6242,MIL,11,Away,MIA,L
6243,MIL,12,Home,GSW,L
6244,MIL,13,Home,ORL,W
6245,MIL,14,Home,TOR,L
6246,MIL,15,Away,ORL,W
6247,MIL,16,Home,CLE,W
6248,MIL,17,Away,BRK,W
6249,MIL,18,Home,BRK,W
6250,MIL,19,Home,SAS,L
6251,MIL,20,Home,POR,W
6252,MIL,21,Home,ATL,L
6253,MIL,22,Away,WAS,L
6254,MIL,23,Away,TOR,L
6255,MIL,24,Home,CHI,W
6256,MIL,25,Away,CHI,W
6257,MIL,26,Home,CLE,L
6258,MIL,27,Away,CLE,L
6259,MIL,28,Home,WAS,W
6260,MIL,29,Away,WAS,L
6261,MIL,30,Away,DET,W
6262,MIL,31,Away,MIN,L
6263,MIL,32,Away,CHI,W
6264,MIL,33,Home,OKC,W
6265,MIL,34,Away,NYK,W
6266,MIL,35,Home,NYK,L
6267,MIL,36,Home,WAS,L
6268,MIL,37,Away,SAS,W
6269,MIL,38,Home,MIA,W
6270,MIL,39,Away,ATL,L
6271,MIL,40,Home,PHI,L
6272,MIL,41,Away,HOU,L
6273,MIL,42,Away,ORL,L
6274,MIL,43,Away,MIA,L
6275,MIL,44,Home,HOU,W
6276,MIL,45,Home,PHI,L
6277,MIL,46,Away,TOR,L
6278,MIL,47,Home,BOS,L
6279,MIL,48,Away,UTA,L
6280,MIL,49,Away,DEN,L
6281,MIL,50,Away,PHO,W
6282,MIL,51,Home,MIA,L
6283,MIL,52,Home,LAL,L
6284,MIL,53,Away,IND,W
6285,MIL,54,Home,DET,W
6286,MIL,55,Away,BRK,W
6287,MIL,56,Home,UTA,L
6288,MIL,57,Home,PHO,W
6289,MIL,58,Away,CLE,L
6290,MIL,59,Home,DEN,L
6291,MIL,60,Home,LAC,W
6292,MIL,61,Home,TOR,W
6293,MIL,62,Away,PHI,W
6294,MIL,63,Home,NYK,W
6295,MIL,64,Home,IND,W
6296,MIL,65,Home,MIN,W
6297,MIL,66,Away,MEM,L
6298,MIL,67,Away,LAC,W
6299,MIL,68,Away,LAL,W
6300,MIL,69,Away,GSW,L
6301,MIL,70,Away,POR,W
6302,MIL,71,Away,SAC,W
6303,MIL,72,Home,ATL,W
6304,MIL,73,Home,CHI,L
6305,MIL,74,Away,CHO,W
6306,MIL,75,Away,BOS,W
6307,MIL,76,Home,DET,W
6308,MIL,77,Home,DAL,L
6309,MIL,78,Away,OKC,L
6310,MIL,79,Away,IND,L
6311,MIL,80,Away,PHI,W
6312,MIL,81,Home,CHO,W
6313,MIL,82,Away,BOS,L
6314,MIN,1,Away,MEM,L
6315,MIN,2,Away,SAC,L
6316,MIN,3,Home,MEM,W
6317,MIN,4,Home,DEN,L
6318,MIN,5,Away,OKC,L
6319,MIN,6,Away,BRK,L
6320,MIN,7,Away,ORL,W
6321,MIN,8,Home,LAC,L
6322,MIN,9,Home,LAL,W
6323,MIN,10,Home,CHO,L
6324,MIN,11,Home,PHI,W
6325,MIN,12,Away,MEM,L
6326,MIN,13,Home,BOS,L
6327,MIN,14,Away,NOP,L
6328,MIN,15,Away,PHO,W
6329,MIN,16,Away,GSW,L
6330,MIN,17,Home,UTA,L
6331,MIN,18,Home,NYK,L
6332,MIN,19,Away,NYK,L
6333,MIN,20,Away,CHO,W
6334,MIN,21,Home,SAS,L
6335,MIN,22,Away,TOR,L
6336,MIN,23,Home,DET,L
6337,MIN,24,Home,GSW,L
6338,MIN,25,Away,CHI,W
6339,MIN,26,Home,HOU,L
6340,MIN,27,Home,PHO,W
6341,MIN,28,Away,ATL,W
6342,MIN,29,Home,SAC,L
6343,MIN,30,Away,OKC,L
6344,MIN,31,Home,ATL,W
6345,MIN,32,Away,DEN,L
6346,MIN,33,Home,MIL,W
6347,MIN,34,Home,POR,L
6348,MIN,35,Away,PHI,L
6349,MIN,36,Away,WAS,L
6350,MIN,37,Home,UTA,L
6351,MIN,38,Home,DAL,W
6352,MIN,39,Home,HOU,W
6353,MIN,40,Home,OKC,W
6354,MIN,41,Away,DAL,L
6355,MIN,42,Away,SAS,L
6356,MIN,43,Away,LAC,W
6357,MIN,44,Home,DEN,W
6358,MIN,45,Away,PHO,W
6359,MIN,46,Home,IND,L
6360,MIN,47,Home,BRK,W
6361,MIN,48,Home,ORL,W
6362,MIN,49,Away,CLE,L
6363,MIN,50,Away,DET,L
6364,MIN,51,Home,MEM,L
6365,MIN,52,Home,MIA,L
6366,MIN,53,Home,TOR,W
6367,MIN,54,Home,NOP,L
6368,MIN,55,Home,CHI,W
6369,MIN,56,Home,CLE,L
6370,MIN,57,Away,DEN,W
6371,MIN,58,Home,DAL,W
6372,MIN,59,Away,HOU,L
6373,MIN,60,Away,SAC,W
6374,MIN,61,Away,UTA,W
6375,MIN,62,Away,SAS,L
6376,MIN,63,Home,LAC,W
6377,MIN,64,Home,GSW,W
6378,MIN,65,Away,MIL,L
6379,MIN,66,Home,WAS,W
6380,MIN,67,Away,BOS,L
6381,MIN,68,Away,MIA,L
6382,MIN,69,Away,NOP,L
6383,MIN,70,Home,SAS,L
6384,MIN,71,Away,LAL,L
6385,MIN,72,Away,POR,L
6386,MIN,73,Away,IND,W
6387,MIN,74,Home,LAL,W
6388,MIN,75,Home,SAC,L
6389,MIN,76,Home,POR,W
6390,MIN,77,Away,GSW,L
6391,MIN,78,Away,POR,L
6392,MIN,79,Away,UTA,L
6393,MIN,80,Away,LAL,L
6394,MIN,81,Home,OKC,L
6395,MIN,82,Away,HOU,L
6396,NOP,1,Home,DEN,L
6397,NOP,2,Home,GSW,L
6398,NOP,3,Away,SAS,L
6399,NOP,4,Home,MIL,L
6400,NOP,5,Away,MEM,L
6401,NOP,6,Home,PHO,L
6402,NOP,7,Away,GSW,L
6403,NOP,8,Away,SAC,L
6404,NOP,9,Away,MIL,W
6405,NOP,10,Home,LAL,L
6406,NOP,11,Home,BOS,W
6407,NOP,12,Away,ORL,L
6408,NOP,13,Home,POR,W
6409,NOP,14,Home,CHO,W
6410,NOP,15,Away,ATL,W
6411,NOP,16,Home,MIN,W
6412,NOP,17,Away,POR,L
6413,NOP,18,Away,DAL,L
6414,NOP,19,Home,LAL,W
6415,NOP,20,Home,LAC,L
6416,NOP,21,Away,OKC,L
6417,NOP,22,Home,MEM,L
6418,NOP,23,Home,PHI,L
6419,NOP,24,Away,LAC,L
6420,NOP,25,Away,PHO,W
6421,NOP,26,Home,GSW,L
6422,NOP,27,Home,IND,W
6423,NOP,28,Away,HOU,L
6424,NOP,29,Away,SAS,L
6425,NOP,30,Away,PHI,W
6426,NOP,31,Home,OKC,L
6427,NOP,32,Home,MIA,W
6428,NOP,33,Home,DAL,W
6429,NOP,34,Home,LAC,W
6430,NOP,35,Home,NYK,W
6431,NOP,36,Away,CLE,L
6432,NOP,37,Home,ATL,L
6433,NOP,38,Away,BOS,L
6434,NOP,39,Away,NYK,W
6435,NOP,40,Away,BRK,W
6436,NOP,41,Away,CHI,L
6437,NOP,42,Away,IND,L
6438,NOP,43,Home,ORL,W
6439,NOP,44,Home,BRK,L
6440,NOP,45,Home,CLE,W
6441,NOP,46,Home,OKC,L
6442,NOP,47,Home,SAS,W
6443,NOP,48,Home,WAS,L
6444,NOP,49,Away,TOR,L
6445,NOP,50,Away,DET,L
6446,NOP,51,Away,WAS,L
6447,NOP,52,Home,PHO,W
6448,NOP,53,Home,UTA,L
6449,NOP,54,Away,MIN,W
6450,NOP,55,Away,SAC,L
6451,NOP,56,Away,PHO,W
6452,NOP,57,Away,MEM,W
6453,NOP,58,Home,HOU,L
6454,NOP,59,Away,DAL,L
6455,NOP,60,Away,OKC,L
6456,NOP,61,Home,DET,W
6457,NOP,62,Home,SAS,L
6458,NOP,63,Away,LAL,W
6459,NOP,64,Away,UTA,L
6460,NOP,65,Home,TOR,L
6461,NOP,66,Away,CHO,W
6462,NOP,67,Home,POR,W
6463,NOP,68,Away,MIA,L
6464,NOP,69,Home,HOU,W
6465,NOP,70,Home,MIN,W
6466,NOP,71,Home,MEM,W
6467,NOP,72,Away,HOU,L
6468,NOP,73,Away,DEN,W
6469,NOP,74,Away,UTA,L
6470,NOP,75,Home,DAL,W
6471,NOP,76,Home,SAC,W
6472,NOP,77,Home,CHI,L
6473,NOP,78,Home,DEN,L
6474,NOP,79,Away,DEN,L
6475,NOP,80,Away,GSW,L
6476,NOP,81,Away,LAL,L
6477,NOP,82,Away,POR,W
6478,NYK,1,Away,CLE,L
6479,NYK,2,Home,MEM,W
6480,NYK,3,Away,DET,L
6481,NYK,4,Home,HOU,L
6482,NYK,5,Away,CHI,W
6483,NYK,6,Home,UTA,L
6484,NYK,7,Home,BRK,W
6485,NYK,8,Away,BOS,L
6486,NYK,9,Away,TOR,L
6487,NYK,10,Home,DAL,W
6488,NYK,11,Home,DET,W
6489,NYK,12,Away,WAS,L
6490,NYK,13,Home,ATL,W
6491,NYK,14,Home,POR,W
6492,NYK,15,Home,CHO,W
6493,NYK,16,Away,CHO,L
6494,NYK,17,Home,OKC,L
6495,NYK,18,Away,MIN,W
6496,NYK,19,Home,MIN,W
6497,NYK,20,Home,SAC,W
6498,NYK,21,Away,MIA,W
6499,NYK,22,Home,CLE,L
6500,NYK,23,Away,SAC,W
6501,NYK,24,Away,LAL,W
6502,NYK,25,Away,PHO,L
6503,NYK,26,Away,GSW,L
6504,NYK,27,Away,DEN,L
6505,NYK,28,Home,IND,W
6506,NYK,29,Home,ORL,W
6507,NYK,30,Home,BOS,L
6508,NYK,31,Away,ATL,L
6509,NYK,32,Away,NOP,L
6510,NYK,33,Away,HOU,L
6511,NYK,34,Home,ORL,L
6512,NYK,35,Home,MIL,L
6513,NYK,36,Away,MIL,W
6514,NYK,37,Away,IND,L
6515,NYK,38,Home,NOP,L
6516,NYK,39,Away,PHI,L
6517,NYK,40,Home,CHI,W
6518,NYK,41,Away,TOR,L
6519,NYK,42,Home,ATL,L
6520,NYK,43,Away,BOS,W
6521,NYK,44,Home,WAS,L
6522,NYK,45,Home,PHO,L
6523,NYK,46,Away,IND,W
6524,NYK,47,Away,DAL,L
6525,NYK,48,Home,CHO,W
6526,NYK,49,Away,ATL,L
6527,NYK,50,Away,WAS,L
6528,NYK,51,Away,BRK,W
6529,NYK,52,Home,CLE,L
6530,NYK,53,Home,LAL,L
6531,NYK,54,Home,LAC,L
6532,NYK,55,Home,DEN,L
6533,NYK,56,Home,SAS,W
6534,NYK,57,Away,OKC,L
6535,NYK,58,Away,CLE,L
6536,NYK,59,Home,PHI,W
6537,NYK,60,Home,TOR,L
6538,NYK,61,Away,ORL,W
6539,NYK,62,Away,PHI,L
6540,NYK,63,Home,GSW,L
6541,NYK,64,Away,ORL,W
6542,NYK,65,Away,MIL,L
6543,NYK,66,Away,DET,L
6544,NYK,67,Away,BRK,L
6545,NYK,68,Home,IND,W
6546,NYK,69,Home,BRK,L
6547,NYK,70,Away,LAC,L
6548,NYK,71,Away,UTA,L
6549,NYK,72,Away,POR,L
6550,NYK,73,Away,SAS,L
6551,NYK,74,Home,DET,W
6552,NYK,75,Home,MIA,L
6553,NYK,76,Away,MIA,W
6554,NYK,77,Home,BOS,L
6555,NYK,78,Home,CHI,W
6556,NYK,79,Home,WAS,L
6557,NYK,80,Away,MEM,L
6558,NYK,81,Home,TOR,L
6559,NYK,82,Home,PHI,W
6560,OKC,1,Away,PHI,W
6561,OKC,2,Home,PHO,W
6562,OKC,3,Home,LAL,W
6563,OKC,4,Away,LAC,W
6564,OKC,5,Away,GSW,L
6565,OKC,6,Home,MIN,W
6566,OKC,7,Home,MIA,W
6567,OKC,8,Home,TOR,L
6568,OKC,9,Home,LAC,L
6569,OKC,10,Home,ORL,L
6570,OKC,11,Away,DET,L
6571,OKC,12,Home,HOU,W
6572,OKC,13,Home,BRK,W
6573,OKC,14,Home,IND,L
6574,OKC,15,Away,LAL,L
6575,OKC,16,Away,SAC,L
6576,OKC,17,Away,DEN,W
6577,OKC,18,Home,DET,W
6578,OKC,19,Away,NYK,W
6579,OKC,20,Home,WAS,W
6580,OKC,21,Home,NOP,W
6581,OKC,22,Away,ATL,W
6582,OKC,23,Home,HOU,L
6583,OKC,24,Home,BOS,W
6584,OKC,25,Away,POR,L
6585,OKC,26,Away,UTA,L
6586,OKC,27,Home,PHO,W
6587,OKC,28,Home,ATL,L
6588,OKC,29,Away,NOP,W
6589,OKC,30,Away,BOS,W
6590,OKC,31,Home,MIN,W
6591,OKC,32,Away,MIA,W
6592,OKC,33,Away,MEM,L
6593,OKC,34,Home,LAC,W
6594,OKC,35,Away,MIL,L
6595,OKC,36,Away,CHO,L
6596,OKC,37,Away,HOU,L
6597,OKC,38,Home,DEN,W
6598,OKC,39,Away,CHI,W
6599,OKC,40,Home,MEM,W
6600,OKC,41,Away,MIN,L
6601,OKC,42,Away,SAC,W
6602,OKC,43,Away,LAC,L
6603,OKC,44,Away,GSW,L
6604,OKC,45,Away,UTA,W
6605,OKC,46,Away,NOP,W
6606,OKC,47,Home,DAL,W
6607,OKC,48,Away,CLE,L
6608,OKC,49,Away,SAS,L
6609,OKC,50,Home,CHI,L
6610,OKC,51,Home,MEM,W
6611,OKC,52,Home,POR,W
6612,OKC,53,Away,IND,L
6613,OKC,54,Home,CLE,W
6614,OKC,55,Home,GSW,L
6615,OKC,56,Away,WAS,L
6616,OKC,57,Home,NYK,W
6617,OKC,58,Home,LAL,W
6618,OKC,59,Home,NOP,W
6619,OKC,60,Home,UTA,W
6620,OKC,61,Away,POR,L
6621,OKC,62,Away,PHO,L
6622,OKC,63,Away,DAL,L
6623,OKC,64,Home,POR,L
6624,OKC,65,Home,SAS,W
6625,OKC,66,Home,UTA,W
6626,OKC,67,Away,BRK,W
6627,OKC,68,Away,TOR,W
6628,OKC,69,Home,SAC,W
6629,OKC,70,Home,GSW,L
6630,OKC,71,Home,PHI,W
6631,OKC,72,Away,HOU,L
6632,OKC,73,Away,DAL,W
6633,OKC,74,Away,ORL,W
6634,OKC,75,Home,SAS,L
6635,OKC,76,Home,CHO,L
6636,OKC,77,Home,MIL,W
6637,OKC,78,Away,MEM,W
6638,OKC,79,Away,PHO,L
6639,OKC,80,Away,DEN,W
6640,OKC,81,Away,MIN,W
6641,OKC,82,Home,DEN,L
6642,ORL,1,Home,MIA,L
6643,ORL,2,Away,DET,L
6644,ORL,3,Away,CLE,L
6645,ORL,4,Away,PHI,W
6646,ORL,5,Home,SAC,W
6647,ORL,6,Home,WAS,W
6648,ORL,7,Away,CHI,L
6649,ORL,8,Home,MIN,L
6650,ORL,9,Home,UTA,L
6651,ORL,10,Away,OKC,W
6652,ORL,11,Away,IND,L
6653,ORL,12,Home,NOP,W
6654,ORL,13,Home,DAL,W
6655,ORL,14,Away,MIL,L
6656,ORL,15,Home,PHO,L
6657,ORL,16,Home,WAS,L
6658,ORL,17,Home,MIL,L
6659,ORL,18,Away,SAS,W
6660,ORL,19,Away,MEM,L
6661,ORL,20,Away,PHI,W
6662,ORL,21,Away,DET,W
6663,ORL,22,Away,WAS,W
6664,ORL,23,Home,BOS,L
6665,ORL,24,Away,CHO,L
6666,ORL,25,Home,DEN,L
6667,ORL,26,Away,ATL,W
6668,ORL,27,Home,LAC,L
6669,ORL,28,Home,BRK,W
6670,ORL,29,Home,TOR,L
6671,ORL,30,Away,MIA,W
6672,ORL,31,Away,NYK,L
6673,ORL,32,Home,LAL,W
6674,ORL,33,Home,MEM,W
6675,ORL,34,Home,CHO,L
6676,ORL,35,Away,IND,L
6677,ORL,36,Away,NYK,W
6678,ORL,37,Home,ATL,L
6679,ORL,38,Home,HOU,L
6680,ORL,39,Away,LAL,L
6681,ORL,40,Away,LAC,L
6682,ORL,41,Away,POR,W
6683,ORL,42,Away,UTA,L
6684,ORL,43,Away,DEN,L
6685,ORL,44,Away,NOP,L
6686,ORL,45,Home,MIL,W
6687,ORL,46,Home,GSW,L
6688,ORL,47,Home,CHI,L
6689,ORL,48,Away,BOS,L
6690,ORL,49,Away,TOR,W
6691,ORL,50,Away,MIN,L
6692,ORL,51,Home,IND,L
6693,ORL,52,Home,TOR,W
6694,ORL,53,Away,ATL,L
6695,ORL,54,Away,HOU,L
6696,ORL,55,Home,PHI,L
6697,ORL,56,Away,DAL,L
6698,ORL,57,Away,MIA,W
6699,ORL,58,Home,SAS,L
6700,ORL,59,Home,POR,L
6701,ORL,60,Home,ATL,W
6702,ORL,61,Home,NYK,L
6703,ORL,62,Home,MIA,W
6704,ORL,63,Away,WAS,L
6705,ORL,64,Home,NYK,L
6706,ORL,65,Home,CHI,W
6707,ORL,66,Away,CHO,L
6708,ORL,67,Home,CLE,L
6709,ORL,68,Away,SAC,L
6710,ORL,69,Away,GSW,L
6711,ORL,70,Away,PHO,W
6712,ORL,71,Home,PHI,W
6713,ORL,72,Home,CHO,L
6714,ORL,73,Home,DET,W
6715,ORL,74,Away,TOR,L
6716,ORL,75,Home,OKC,L
6717,ORL,76,Away,BOS,L
6718,ORL,77,Away,BRK,L
6719,ORL,78,Away,CLE,L
6720,ORL,79,Home,BRK,W
6721,ORL,80,Home,IND,L
6722,ORL,81,Away,CHI,L
6723,ORL,82,Home,DET,W
6724,PHI,1,Home,OKC,L
6725,PHI,2,Home,ATL,L
6726,PHI,3,Home,ORL,L
6727,PHI,4,Away,CHO,L
6728,PHI,5,Home,CLE,L
6729,PHI,6,Home,UTA,L
6730,PHI,7,Away,IND,L
6731,PHI,8,Home,IND,W
6732,PHI,9,Away,ATL,L
6733,PHI,10,Away,HOU,L
6734,PHI,11,Home,WAS,W
6735,PHI,12,Away,MIN,L
6736,PHI,13,Home,PHO,W
6737,PHI,14,Home,MIA,W
6738,PHI,15,Home,MEM,L
6739,PHI,16,Home,CHI,L
6740,PHI,17,Home,CLE,L
6741,PHI,18,Away,TOR,L
6742,PHI,19,Home,ORL,L
6743,PHI,20,Home,BOS,L
6744,PHI,21,Home,DEN,L
6745,PHI,22,Away,MEM,L
6746,PHI,23,Away,NOP,W
6747,PHI,24,Away,DET,W
6748,PHI,25,Home,TOR,L
6749,PHI,26,Home,LAL,L
6750,PHI,27,Home,BRK,W
6751,PHI,28,Home,NOP,L
6752,PHI,29,Away,PHO,L
6753,PHI,30,Away,SAC,L
6754,PHI,31,Away,UTA,L
6755,PHI,32,Away,DEN,W
6756,PHI,33,Home,MIN,W
6757,PHI,34,Away,BOS,L
6758,PHI,35,Away,BRK,W
6759,PHI,36,Home,NYK,W
6760,PHI,37,Home,CHO,W
6761,PHI,38,Away,WAS,L
6762,PHI,39,Away,MIL,W
6763,PHI,40,Home,TOR,W
6764,PHI,41,Home,POR,W
6765,PHI,42,Away,ATL,L
6766,PHI,43,Home,LAC,W
6767,PHI,44,Away,MIL,W
6768,PHI,45,Home,HOU,L
6769,PHI,46,Away,CHI,L
6770,PHI,47,Home,SAC,W
6771,PHI,48,Away,DAL,L
6772,PHI,49,Away,SAS,L
6773,PHI,50,Away,MIA,L
6774,PHI,51,Away,DET,L
6775,PHI,52,Home,SAS,L
6776,PHI,53,Away,ORL,W
6777,PHI,54,Home,MIA,W
6778,PHI,55,Away,CHO,W
6779,PHI,56,Away,BOS,L
6780,PHI,57,Home,WAS,W
6781,PHI,58,Away,NYK,L
6782,PHI,59,Home,GSW,L
6783,PHI,60,Away,MIA,L
6784,PHI,61,Home,NYK,W
6785,PHI,62,Home,DET,L
6786,PHI,63,Home,MIL,L
6787,PHI,64,Away,POR,L
6788,PHI,65,Away,LAC,L
6789,PHI,66,Away,LAL,W
6790,PHI,67,Away,GSW,L
6791,PHI,68,Home,DAL,W
6792,PHI,69,Home,BOS,W
6793,PHI,70,Away,ORL,L
6794,PHI,71,Away,OKC,L
6795,PHI,72,Away,CHI,W
6796,PHI,73,Away,IND,L
6797,PHI,74,Away,BRK,W
6798,PHI,75,Home,ATL,L
6799,PHI,76,Away,CLE,L
6800,PHI,77,Away,TOR,L
6801,PHI,78,Home,BRK,L
6802,PHI,79,Home,CHI,L
6803,PHI,80,Home,MIL,L
6804,PHI,81,Home,IND,L
6805,PHI,82,Away,NYK,L
6806,PHO,1,Home,SAC,L
6807,PHO,2,Away,OKC,L
6808,PHO,3,Home,GSW,L
6809,PHO,4,Away,LAC,L
6810,PHO,5,Home,POR,W
6811,PHO,6,Away,NOP,W
6812,PHO,7,Away,LAL,L
6813,PHO,8,Away,POR,L
6814,PHO,9,Home,DET,W
6815,PHO,10,Home,BRK,L
6816,PHO,11,Away,GSW,L
6817,PHO,12,Away,DEN,L
6818,PHO,13,Away,IND,W
6819,PHO,14,Away,PHI,L
6820,PHO,15,Away,WAS,L
6821,PHO,16,Away,ORL,W
6822,PHO,17,Home,MIN,L
6823,PHO,18,Home,DEN,L
6824,PHO,19,Home,ATL,W
6825,PHO,20,Away,GSW,L
6826,PHO,21,Away,UTA,L
6827,PHO,22,Home,IND,L
6828,PHO,23,Away,LAL,W
6829,PHO,24,Home,NOP,L
6830,PHO,25,Home,NYK,W
6831,PHO,26,Home,SAS,L
6832,PHO,27,Away,OKC,L
6833,PHO,28,Away,MIN,L
6834,PHO,29,Home,HOU,L
6835,PHO,30,Home,PHI,W
6836,PHO,31,Away,HOU,L
6837,PHO,32,Away,SAS,L
6838,PHO,33,Home,TOR,W
6839,PHO,34,Away,UTA,L
6840,PHO,35,Away,LAC,L
6841,PHO,36,Home,MIA,W
6842,PHO,37,Away,DAL,W
6843,PHO,38,Home,CLE,L
6844,PHO,39,Home,DAL,L
6845,PHO,40,Home,SAS,W
6846,PHO,41,Home,UTA,L
6847,PHO,42,Away,CLE,L
6848,PHO,43,Away,NYK,W
6849,PHO,44,Away,TOR,W
6850,PHO,45,Home,MIN,L
6851,PHO,46,Away,DEN,L
6852,PHO,47,Home,DEN,L
6853,PHO,48,Home,MEM,L
6854,PHO,49,Home,LAC,L
6855,PHO,50,Away,SAC,W
6856,PHO,51,Home,MIL,L
6857,PHO,52,Away,NOP,L
6858,PHO,53,Away,MEM,L
6859,PHO,54,Home,CHI,W
6860,PHO,55,Away,HOU,L
6861,PHO,56,Home,NOP,L
6862,PHO,57,Home,LAL,W
6863,PHO,58,Away,CHI,L
6864,PHO,59,Away,MIL,L
6865,PHO,60,Away,MEM,L
6866,PHO,61,Home,CHO,W
6867,PHO,62,Home,OKC,W
6868,PHO,63,Home,BOS,W
6869,PHO,64,Home,WAS,L
6870,PHO,65,Home,LAL,L
6871,PHO,66,Away,DAL,W
6872,PHO,67,Home,POR,L
6873,PHO,68,Home,SAC,L
6874,PHO,69,Home,ORL,L
6875,PHO,70,Away,DET,L
6876,PHO,71,Away,MIA,L
6877,PHO,72,Away,BRK,L
6878,PHO,73,Away,BOS,L
6879,PHO,74,Away,CHO,L
6880,PHO,75,Away,ATL,L
6881,PHO,76,Home,LAC,L
6882,PHO,77,Away,POR,L
6883,PHO,78,Home,HOU,L
6884,PHO,79,Home,GSW,L
6885,PHO,80,Home,OKC,W
6886,PHO,81,Home,DAL,W
6887,PHO,82,Away,SAC,L
6888,POR,1,Home,UTA,W
6889,POR,2,Home,LAC,L
6890,POR,3,Away,DEN,W
6891,POR,4,Home,GSW,L
6892,POR,5,Away,PHO,L
6893,POR,6,Away,DAL,W
6894,POR,7,Away,MEM,W
6895,POR,8,Home,PHO,W
6896,POR,9,Away,LAC,L
6897,POR,10,Home,SAC,W
6898,POR,11,Home,DEN,W
6899,POR,12,Home,CHI,L
6900,POR,13,Away,HOU,L
6901,POR,14,Away,NOP,L
6902,POR,15,Away,BRK,W
6903,POR,16,Away,NYK,L
6904,POR,17,Away,CLE,L
6905,POR,18,Home,NOP,W
6906,POR,19,Home,HOU,L
6907,POR,20,Home,IND,W
6908,POR,21,Home,MIA,W
6909,POR,22,Away,CHI,W
6910,POR,23,Away,MIL,L
6911,POR,24,Away,MEM,L
6912,POR,25,Away,IND,L
6913,POR,26,Away,LAC,L
6914,POR,27,Home,OKC,W
6915,POR,28,Away,DEN,L
6916,POR,29,Away,GSW,L
6917,POR,30,Away,SAC,L
6918,POR,31,Home,DAL,L
6919,POR,32,Home,SAS,L
6920,POR,33,Home,TOR,L
6921,POR,34,Home,SAC,W
6922,POR,35,Away,SAS,L
6923,POR,36,Away,MIN,W
6924,POR,37,Away,GSW,L
6925,POR,38,Home,LAL,W
6926,POR,39,Home,DET,L
6927,POR,40,Away,LAL,W
6928,POR,41,Home,CLE,W
6929,POR,42,Home,ORL,L
6930,POR,43,Away,WAS,L
6931,POR,44,Away,CHO,L
6932,POR,45,Away,PHI,L
6933,POR,46,Away,BOS,W
6934,POR,47,Home,LAL,W
6935,POR,48,Home,MEM,W
6936,POR,49,Home,GSW,L
6937,POR,50,Home,CHO,W
6938,POR,51,Home,DAL,L
6939,POR,52,Away,OKC,L
6940,POR,53,Away,DAL,W
6941,POR,54,Home,BOS,L
6942,POR,55,Home,ATL,L
6943,POR,56,Away,UTA,L
6944,POR,57,Away,ORL,W
6945,POR,58,Away,TOR,L
6946,POR,59,Away,DET,L
6947,POR,60,Home,OKC,W
6948,POR,61,Home,BRK,W
6949,POR,62,Away,OKC,W
6950,POR,63,Home,PHI,W
6951,POR,64,Home,WAS,L
6952,POR,65,Away,PHO,W
6953,POR,66,Away,NOP,L
6954,POR,67,Away,SAS,W
6955,POR,68,Away,ATL,W
6956,POR,69,Away,MIA,W
6957,POR,70,Home,MIL,L
6958,POR,71,Home,NYK,W
6959,POR,72,Home,MIN,W
6960,POR,73,Away,LAL,W
6961,POR,74,Home,DEN,W
6962,POR,75,Home,HOU,W
6963,POR,76,Home,PHO,W
6964,POR,77,Away,MIN,L
6965,POR,78,Away,UTA,L
6966,POR,79,Home,MIN,W
6967,POR,80,Home,UTA,W
6968,POR,81,Home,SAS,W
6969,POR,82,Home,NOP,L
6970,SAC,1,Away,PHO,W
6971,SAC,2,Home,SAS,L
6972,SAC,3,Home,MIN,W
6973,SAC,4,Away,ATL,L
6974,SAC,5,Away,MIA,L
6975,SAC,6,Away,ORL,L
6976,SAC,7,Away,MIL,L
6977,SAC,8,Away,TOR,W
6978,SAC,9,Home,NOP,W
6979,SAC,10,Home,LAL,L
6980,SAC,11,Away,POR,L
6981,SAC,12,Home,SAS,L
6982,SAC,13,Home,LAC,L
6983,SAC,14,Home,TOR,W
6984,SAC,15,Home,OKC,W
6985,SAC,16,Home,HOU,L
6986,SAC,17,Away,BRK,W
6987,SAC,18,Away,WAS,L
6988,SAC,19,Away,BOS,L
6989,SAC,20,Away,NYK,L
6990,SAC,21,Away,DAL,W
6991,SAC,22,Home,NYK,L
6992,SAC,23,Away,UTA,L
6993,SAC,24,Home,LAL,W
6994,SAC,25,Away,HOU,L
6995,SAC,26,Away,MEM,W
6996,SAC,27,Away,DAL,L
6997,SAC,28,Home,POR,W
6998,SAC,29,Away,UTA,W
6999,SAC,30,Away,MIN,W
7000,SAC,31,Home,PHI,W
7001,SAC,32,Away,POR,L
7002,SAC,33,Home,MEM,L
7003,SAC,34,Away,DEN,W
7004,SAC,35,Home,MIA,L
7005,SAC,36,Home,LAC,L
7006,SAC,37,Home,GSW,L
7007,SAC,38,Home,DET,W
7008,SAC,39,Home,CLE,L
7009,SAC,40,Home,OKC,L
7010,SAC,41,Home,IND,L
7011,SAC,42,Away,MEM,L
7012,SAC,43,Away,CHI,L
7013,SAC,44,Away,DET,W
7014,SAC,45,Away,CLE,W
7015,SAC,46,Away,IND,L
7016,SAC,47,Away,CHO,W
7017,SAC,48,Away,PHI,L
7018,SAC,49,Away,HOU,L
7019,SAC,50,Home,PHO,L
7020,SAC,51,Home,GSW,W
7021,SAC,52,Home,CHI,L
7022,SAC,53,Home,BOS,W
7023,SAC,54,Home,ATL,W
7024,SAC,55,Home,NOP,W
7025,SAC,56,Away,LAL,W
7026,SAC,57,Away,GSW,L
7027,SAC,58,Home,DEN,W
7028,SAC,59,Home,CHO,L
7029,SAC,60,Home,MIN,L
7030,SAC,61,Home,BRK,L
7031,SAC,62,Home,UTA,L
7032,SAC,63,Away,DEN,L
7033,SAC,64,Away,SAS,L
7034,SAC,65,Home,WAS,L
7035,SAC,66,Home,DEN,L
7036,SAC,67,Home,ORL,W
7037,SAC,68,Away,PHO,W
7038,SAC,69,Away,OKC,L
7039,SAC,70,Away,SAS,L
7040,SAC,71,Home,MIL,L
7041,SAC,72,Away,GSW,L
7042,SAC,73,Away,LAC,W
7043,SAC,74,Home,MEM,W
7044,SAC,75,Home,UTA,L
7045,SAC,76,Away,NOP,L
7046,SAC,77,Away,MIN,W
7047,SAC,78,Home,DAL,W
7048,SAC,79,Away,LAL,L
7049,SAC,80,Home,HOU,L
7050,SAC,81,Home,PHO,W
7051,SAC,82,Away,LAC,L
7052,SAS,1,Away,GSW,W
7053,SAS,2,Away,SAC,W
7054,SAS,3,Home,NOP,W
7055,SAS,4,Away,MIA,W
7056,SAS,5,Home,UTA,L
7057,SAS,6,Away,UTA,W
7058,SAS,7,Home,LAC,L
7059,SAS,8,Home,HOU,L
7060,SAS,9,Home,DET,W
7061,SAS,10,Away,HOU,W
7062,SAS,11,Home,MIA,W
7063,SAS,12,Away,SAC,W
7064,SAS,13,Away,LAL,W
7065,SAS,14,Home,DAL,W
7066,SAS,15,Away,CHO,W
7067,SAS,16,Away,BOS,W
7068,SAS,17,Away,WAS,W
7069,SAS,18,Home,ORL,L
7070,SAS,19,Away,DAL,W
7071,SAS,20,Home,WAS,W
7072,SAS,21,Away,MIL,W
7073,SAS,22,Away,MIN,W
7074,SAS,23,Away,CHI,L
7075,SAS,24,Home,BRK,W
7076,SAS,25,Home,BOS,W
7077,SAS,26,Away,PHO,W
7078,SAS,27,Home,NOP,W
7079,SAS,28,Away,HOU,W
7080,SAS,29,Away,LAC,L
7081,SAS,30,Away,POR,W
7082,SAS,31,Home,CHI,W
7083,SAS,32,Home,PHO,W
7084,SAS,33,Home,POR,W
7085,SAS,34,Away,ATL,L
7086,SAS,35,Home,TOR,W
7087,SAS,36,Away,DEN,W
7088,SAS,37,Home,CHO,W
7089,SAS,38,Home,MIL,L
7090,SAS,39,Home,LAL,W
7091,SAS,40,Away,PHO,L
7092,SAS,41,Home,MIN,W
7093,SAS,42,Home,DEN,W
7094,SAS,43,Away,CLE,W
7095,SAS,44,Away,BRK,W
7096,SAS,45,Away,TOR,W
7097,SAS,46,Away,NOP,L
7098,SAS,47,Home,DAL,L
7099,SAS,48,Home,OKC,W
7100,SAS,49,Home,PHI,W
7101,SAS,50,Home,DEN,W
7102,SAS,51,Away,MEM,L
7103,SAS,52,Away,PHI,W
7104,SAS,53,Away,DET,W
7105,SAS,54,Away,NYK,L
7106,SAS,55,Away,IND,W
7107,SAS,56,Away,ORL,W
7108,SAS,57,Away,LAC,W
7109,SAS,58,Away,LAL,W
7110,SAS,59,Home,IND,W
7111,SAS,60,Away,NOP,W
7112,SAS,61,Home,MIN,W
7113,SAS,62,Home,HOU,W
7114,SAS,63,Home,SAC,W
7115,SAS,64,Away,OKC,L
7116,SAS,65,Home,GSW,W
7117,SAS,66,Home,ATL,W
7118,SAS,67,Home,POR,L
7119,SAS,68,Away,MEM,L
7120,SAS,69,Home,SAC,W
7121,SAS,70,Away,MIN,W
7122,SAS,71,Home,MEM,W
7123,SAS,72,Home,NYK,W
7124,SAS,73,Home,CLE,W
7125,SAS,74,Home,GSW,L
7126,SAS,75,Away,OKC,W
7127,SAS,76,Home,UTA,W
7128,SAS,77,Home,MEM,W
7129,SAS,78,Home,LAL,L
7130,SAS,79,Away,DAL,W
7131,SAS,80,Home,LAC,L
7132,SAS,81,Away,POR,L
7133,SAS,82,Away,UTA,L
7134,TOR,1,Home,DET,W
7135,TOR,2,Home,CLE,L
7136,TOR,3,Home,DEN,W
7137,TOR,4,Away,WAS,W
7138,TOR,5,Home,MIA,W
7139,TOR,6,Home,SAC,L
7140,TOR,7,Away,OKC,W
7141,TOR,8,Away,CHO,W
7142,TOR,9,Home,NYK,W
7143,TOR,10,Away,CLE,L
7144,TOR,11,Home,GSW,L
7145,TOR,12,Away,DEN,W
7146,TOR,13,Away,SAC,L
7147,TOR,14,Away,LAC,L
7148,TOR,15,Away,HOU,W
7149,TOR,16,Away,MIL,W
7150,TOR,17,Home,PHI,W
7151,TOR,18,Home,MEM,W
7152,TOR,19,Home,LAL,W
7153,TOR,20,Home,ATL,W
7154,TOR,21,Home,CLE,L
7155,TOR,22,Home,MIN,W
7156,TOR,23,Away,BOS,W
7157,TOR,24,Home,MIL,W
7158,TOR,25,Away,PHI,W
7159,TOR,26,Home,ATL,L
7160,TOR,27,Away,ORL,W
7161,TOR,28,Home,BRK,W
7162,TOR,29,Away,UTA,W
7163,TOR,30,Away,POR,W
7164,TOR,31,Away,GSW,L
7165,TOR,32,Away,PHO,L
7166,TOR,33,Away,LAL,W
7167,TOR,34,Away,SAS,L
7168,TOR,35,Home,UTA,W
7169,TOR,36,Away,CHI,L
7170,TOR,37,Home,HOU,L
7171,TOR,38,Home,BOS,W
7172,TOR,39,Home,BRK,W
7173,TOR,40,Home,NYK,W
7174,TOR,41,Away,BRK,W
7175,TOR,42,Away,PHI,L
7176,TOR,43,Away,CHO,L
7177,TOR,44,Home,PHO,L
7178,TOR,45,Home,SAS,L
7179,TOR,46,Away,MEM,L
7180,TOR,47,Home,MIL,W
7181,TOR,48,Home,ORL,L
7182,TOR,49,Home,NOP,W
7183,TOR,50,Away,BOS,L
7184,TOR,51,Away,ORL,L
7185,TOR,52,Away,BRK,W
7186,TOR,53,Home,LAC,W
7187,TOR,54,Away,MIN,L
7188,TOR,55,Home,DET,L
7189,TOR,56,Away,CHI,L
7190,TOR,57,Home,CHO,W
7191,TOR,58,Home,BOS,W
7192,TOR,59,Home,POR,W
7193,TOR,60,Away,NYK,W
7194,TOR,61,Home,WAS,L
7195,TOR,62,Away,WAS,W
7196,TOR,63,Away,MIL,L
7197,TOR,64,Away,NOP,W
7198,TOR,65,Away,ATL,L
7199,TOR,66,Away,MIA,L
7200,TOR,67,Home,DAL,W
7201,TOR,68,Home,OKC,L
7202,TOR,69,Away,DET,W
7203,TOR,70,Home,IND,W
7204,TOR,71,Home,CHI,W
7205,TOR,72,Away,MIA,W
7206,TOR,73,Away,DAL,W
7207,TOR,74,Home,ORL,W
7208,TOR,75,Home,CHO,L
7209,TOR,76,Home,IND,W
7210,TOR,77,Home,PHI,W
7211,TOR,78,Away,IND,L
7212,TOR,79,Away,DET,W
7213,TOR,80,Home,MIA,W
7214,TOR,81,Away,NYK,W
7215,TOR,82,Away,CLE,W
7216,UTA,1,Away,POR,L
7217,UTA,2,Home,LAL,W
7218,UTA,3,Away,LAC,L
7219,UTA,4,Away,SAS,W
7220,UTA,5,Home,DAL,W
7221,UTA,6,Home,SAS,L
7222,UTA,7,Away,NYK,W
7223,UTA,8,Away,PHI,W
7224,UTA,9,Away,CHO,L
7225,UTA,10,Away,ORL,W
7226,UTA,11,Away,MIA,W
7227,UTA,12,Home,MEM,L
7228,UTA,13,Home,CHI,L
7229,UTA,14,Away,HOU,L
7230,UTA,15,Away,DEN,L
7231,UTA,16,Home,DEN,W
7232,UTA,17,Home,ATL,W
7233,UTA,18,Away,MIN,W
7234,UTA,19,Home,HOU,W
7235,UTA,20,Home,MIA,L
7236,UTA,21,Home,DEN,W
7237,UTA,22,Away,LAL,W
7238,UTA,23,Home,PHO,W
7239,UTA,24,Home,GSW,L
7240,UTA,25,Home,SAC,W
7241,UTA,26,Home,OKC,W
7242,UTA,27,Home,DAL,W
7243,UTA,28,Away,MEM,W
7244,UTA,29,Away,GSW,L
7245,UTA,30,Home,SAC,L
7246,UTA,31,Home,TOR,L
7247,UTA,32,Away,LAL,W
7248,UTA,33,Home,PHI,W
7249,UTA,34,Home,PHO,W
7250,UTA,35,Away,BRK,W
7251,UTA,36,Away,BOS,L
7252,UTA,37,Away,TOR,L
7253,UTA,38,Away,MIN,W
7254,UTA,39,Away,MEM,L
7255,UTA,40,Home,CLE,W
7256,UTA,41,Home,DET,W
7257,UTA,42,Home,ORL,W
7258,UTA,43,Away,PHO,W
7259,UTA,44,Away,DAL,W
7260,UTA,45,Home,IND,W
7261,UTA,46,Home,OKC,L
7262,UTA,47,Away,DEN,L
7263,UTA,48,Home,LAL,W
7264,UTA,49,Home,MEM,L
7265,UTA,50,Home,MIL,W
7266,UTA,51,Home,CHO,W
7267,UTA,52,Away,ATL,W
7268,UTA,53,Away,NOP,W
7269,UTA,54,Away,DAL,L
7270,UTA,55,Home,BOS,L
7271,UTA,56,Home,LAC,L
7272,UTA,57,Home,POR,W
7273,UTA,58,Away,MIL,W
7274,UTA,59,Away,WAS,W
7275,UTA,60,Away,OKC,L
7276,UTA,61,Home,MIN,L
7277,UTA,62,Home,BRK,W
7278,UTA,63,Away,SAC,W
7279,UTA,64,Home,NOP,W
7280,UTA,65,Away,HOU,W
7281,UTA,66,Away,OKC,L
7282,UTA,67,Home,LAC,W
7283,UTA,68,Away,DET,W
7284,UTA,69,Away,CLE,L
7285,UTA,70,Away,CHI,L
7286,UTA,71,Away,IND,L
7287,UTA,72,Home,NYK,W
7288,UTA,73,Away,LAC,L
7289,UTA,74,Home,NOP,W
7290,UTA,75,Away,SAC,W
7291,UTA,76,Home,WAS,W
7292,UTA,77,Away,SAS,L
7293,UTA,78,Home,POR,W
7294,UTA,79,Home,MIN,W
7295,UTA,80,Away,POR,L
7296,UTA,81,Away,GSW,W
7297,UTA,82,Home,SAS,W
7298,WAS,1,Away,ATL,L
7299,WAS,2,Away,MEM,L
7300,WAS,3,Home,TOR,L
7301,WAS,4,Home,ATL,W
7302,WAS,5,Away,ORL,L
7303,WAS,6,Home,HOU,L
7304,WAS,7,Home,BOS,W
7305,WAS,8,Home,CLE,L
7306,WAS,9,Away,CHI,L
7307,WAS,10,Away,PHI,L
7308,WAS,11,Home,NYK,W
7309,WAS,12,Home,MIA,L
7310,WAS,13,Home,PHO,W
7311,WAS,14,Away,ORL,W
7312,WAS,15,Home,SAS,L
7313,WAS,16,Home,SAC,W
7314,WAS,17,Away,OKC,L
7315,WAS,18,Away,SAS,L
7316,WAS,19,Away,BRK,W
7317,WAS,20,Home,ORL,L
7318,WAS,21,Home,DEN,W
7319,WAS,22,Home,MIL,W
7320,WAS,23,Away,MIA,L
7321,WAS,24,Home,CHO,W
7322,WAS,25,Home,DET,W
7323,WAS,26,Home,LAC,W
7324,WAS,27,Away,IND,L
7325,WAS,28,Away,CHI,W
7326,WAS,29,Away,MIL,L
7327,WAS,30,Home,MIL,W
7328,WAS,31,Home,IND,W
7329,WAS,32,Home,BRK,W
7330,WAS,33,Away,HOU,L
7331,WAS,34,Away,DAL,L
7332,WAS,35,Home,MIN,W
7333,WAS,36,Away,MIL,W
7334,WAS,37,Home,CHI,W
7335,WAS,38,Away,BOS,L
7336,WAS,39,Home,PHI,W
7337,WAS,40,Home,POR,W
7338,WAS,41,Home,MEM,W
7339,WAS,42,Away,NYK,W
7340,WAS,43,Away,DET,L
7341,WAS,44,Away,CHO,W
7342,WAS,45,Home,BOS,W
7343,WAS,46,Away,ATL,W
7344,WAS,47,Away,NOP,W
7345,WAS,48,Home,NYK,W
7346,WAS,49,Home,LAL,W
7347,WAS,50,Home,NOP,W
7348,WAS,51,Home,CLE,L
7349,WAS,52,Away,BRK,W
7350,WAS,53,Home,IND,W
7351,WAS,54,Home,OKC,W
7352,WAS,55,Away,IND,W
7353,WAS,56,Away,PHI,L
7354,WAS,57,Home,UTA,L
7355,WAS,58,Home,GSW,W
7356,WAS,59,Away,TOR,W
7357,WAS,60,Home,TOR,L
7358,WAS,61,Home,ORL,W
7359,WAS,62,Away,PHO,W
7360,WAS,63,Away,DEN,W
7361,WAS,64,Away,SAC,W
7362,WAS,65,Away,POR,W
7363,WAS,66,Away,MIN,L
7364,WAS,67,Home,DAL,L
7365,WAS,68,Home,CHI,W
7366,WAS,69,Away,CHO,L
7367,WAS,70,Away,BOS,L
7368,WAS,71,Home,ATL,W
7369,WAS,72,Home,BRK,W
7370,WAS,73,Away,CLE,W
7371,WAS,74,Away,LAL,W
7372,WAS,75,Away,LAC,L
7373,WAS,76,Away,UTA,L
7374,WAS,77,Away,GSW,L
7375,WAS,78,Home,CHO,W
7376,WAS,79,Away,NYK,W
7377,WAS,80,Home,MIA,L
7378,WAS,81,Away,DET,W
7379,WAS,82,Away,MIA,L
